,Predicted Probability
0,0.2684474
1,0.0018916362
2,0.013837362
3,0.008190703
4,0.48165116
5,0.6619146
6,0.121628776
7,0.11322536
8,0.05903544
9,0.94656056
10,0.104672976
11,0.29999182
12,0.21011378
13,0.01636838
14,0.17642686
15,0.057161547
16,0.102760956
17,0.10382139
18,0.018291954
19,0.3164708
20,0.20536624
21,0.009268881
22,0.5122617
23,0.08458516
24,0.10387417
25,0.13936271
26,0.013869705
27,0.11525927
28,0.43537754
29,0.017523114
30,0.6853173
31,0.03804379
32,0.008072889
33,0.60325825
34,0.1577985
35,0.83080155
36,0.009307788
37,0.6116624
38,0.77906173
39,0.013536521
40,0.0020103324
41,0.10302392
42,0.0015780336
43,0.71718323
44,0.006848582
45,0.0018881856
46,0.0031773187
47,0.49653646
48,0.2292882
49,0.15006971
50,0.110827185
51,0.90999687
52,0.14067715
53,0.36855727
54,0.02128793
55,0.67260087
56,0.29887995
57,0.63792664
58,0.0054636155
59,0.047813192
60,0.026654985
61,0.01840419
62,0.11404684
63,0.090606675
64,0.46543047
65,0.07373633
66,0.0032365832
67,0.37568444
68,0.0034579393
69,0.05951097
70,0.35798508
71,0.332252
72,0.14570002
73,0.8104074
74,0.5362877
75,0.019206146
76,0.5564372
77,0.4530751
78,0.67857665
79,0.6632121
80,0.08608892
81,0.7329263
82,0.18045276
83,0.0033681456
84,0.7416802
85,0.08207384
86,0.16715716
87,0.9062808
88,0.0313299
89,0.120325245
90,0.6551397
91,0.012426787
92,0.0022594947
93,0.30276597
94,0.09829489
95,0.29756376
96,0.027029928
97,0.045079272
98,0.48394635
99,0.0039721453
100,0.6165608
101,0.22874136
102,0.15531985
103,0.5192214
104,0.3489665
105,0.73084396
106,0.4379606
107,0.0027286757
108,0.3937496
109,0.1484348
110,0.0042457483
111,0.28277192
112,0.23631853
113,0.119266905
114,0.021327429
115,0.25570688
116,0.025067253
117,0.9394937
118,0.11303849
119,0.42221737
120,0.43833604
121,0.32382563
122,0.35202074
123,0.29694635
124,0.18661323
125,0.34966397
126,0.308439
127,0.0662042
128,0.14661266
129,0.45130596
130,0.33491886
131,0.83009475
132,0.018090202
133,0.0024977184
134,0.0012712514
135,0.039625447
136,0.5640403
137,0.18910654
138,0.0027183688
139,0.37778184
140,0.73702514
141,0.8229158
142,0.011572115
143,0.5784388
144,0.013990814
145,0.011679115
146,0.5979869
147,0.076191105
148,0.38272485
149,0.26341286
150,0.2917419
151,0.030847082
152,0.03554684
153,0.04044549
154,0.68762815
155,0.2019408
156,0.11265526
157,0.42383027
158,0.020407505
159,0.17958146
160,0.57865506
161,0.046282027
162,0.023929643
163,0.012595531
164,0.0153322425
165,0.45286706
166,0.26395762
167,0.012271658
168,0.7403793
169,0.30992943
170,0.47517562
171,0.23675534
172,0.04086367
173,0.5765692
174,0.0056995563
175,0.53080493
176,0.0039885426
177,0.0016441356
178,0.0036356656
179,0.20403698
180,0.36811343
181,0.043672666
182,0.6386144
183,0.8529663
184,0.0053561735
185,0.60494125
186,0.7917921
187,0.6142514
188,0.89830965
189,0.21536635
190,0.19481133
191,0.0033855252
192,0.14389287
193,0.11854877
194,0.04354482
195,0.26476678
196,0.0031621335
197,0.8550292
198,0.19950213
199,0.020488774
200,0.10025866
201,0.73444635
202,0.3360476
203,0.13492683
204,0.0025350377
205,0.5349121
206,0.31260365
207,0.028257474
208,0.023042185
209,0.033319794
210,0.020337883
211,0.0021602304
212,0.20702687
213,0.010833926
214,0.009292292
215,0.014788534
216,0.65969306
217,0.14795221
218,0.11385264
219,0.011997727
220,0.5113415
221,0.7583561
222,0.77571315
223,0.084453836
224,0.27729198
225,0.012481198
226,0.05088103
227,0.4448675
228,0.48217
229,0.019263348
230,0.050728474
231,0.16291966
232,0.4868572
233,0.19081986
234,0.13300034
235,0.23990668
236,0.235477
237,0.20125706
238,0.01931827
239,0.8926759
240,0.2556118
241,0.3454435
242,0.041033838
243,0.37814757
244,0.6050075
245,0.71295446
246,0.7625798
247,0.024697108
248,0.33773506
249,0.18827184
250,0.24054371
251,0.40741277
252,0.645704
253,0.31999126
254,0.2259298
255,0.03113491
256,0.6062677
257,0.08758211
258,0.25850123
259,0.11076561
260,0.0662178
261,0.88502
262,0.55372065
263,0.6231131
264,0.0038530878
265,0.23656067
266,0.0051262137
267,0.028807724
268,0.011830567
269,0.76068753
270,0.30668038
271,0.10991084
272,0.21341957
273,0.0025445833
274,0.010746284
275,0.023465646
276,0.06924166
277,0.15716872
278,0.7909202
279,0.06486302
280,0.25239524
281,0.15705545
282,0.498734
283,0.010555911
284,0.0012657045
285,0.67201406
286,0.09871232
287,0.08723006
288,0.08888702
289,0.17226711
290,0.56148976
291,0.009624567
292,0.006263334
293,0.8705448
294,0.18170822
295,0.011094739
296,0.003147475
297,0.13546737
298,0.2689387
299,0.1798717
300,0.2785054
301,0.03142439
302,0.30318034
303,0.0169974
304,0.12780403
305,0.35371652
306,0.028294187
307,0.05082495
308,0.09206544
309,0.0031327535
310,0.05990009
311,0.10353934
312,0.18217008
313,0.012608975
314,0.42686853
315,0.004035302
316,0.24623674
317,0.25402537
318,0.4900074
319,0.121018045
320,0.010060842
321,0.0017131225
322,0.0014355567
323,0.8730862
324,0.16760316
325,0.019744659
326,0.055030864
327,0.20757641
328,0.4156167
329,0.3404786
330,0.14084637
331,0.39192224
332,0.0021020693
333,0.6764254
334,0.06167349
335,0.6760442
336,0.8951582
337,0.59499454
338,0.57282066
339,0.173412
340,0.017458167
341,0.32066575
342,0.09505429
343,0.28344443
344,0.36666504
345,0.34298262
346,0.23786251
347,0.2659028
348,0.31030178
349,0.0024099066
350,0.02050807
351,0.06072556
352,0.008214443
353,0.0022174993
354,0.23282807
355,0.1927313
356,0.10241163
357,0.045107484
358,0.0057816994
359,0.6564538
360,0.7203261
361,0.3512026
362,0.18949343
363,0.27125326
364,0.012955079
365,0.528872
366,0.034585506
367,0.7807986
368,0.02519347
369,0.07150873
370,0.71827173
371,0.12325878
372,0.30908132
373,0.019671144
374,0.015512326
375,0.87388796
376,0.10733987
377,0.15957515
378,0.66365075
379,0.006195406
380,0.24457575
381,0.4869829
382,0.36588618
383,0.9017287
384,0.22033213
385,0.29982615
386,0.3129165
387,0.23244208
388,0.127128
389,0.20853385
390,0.06093644
391,0.040591713
392,0.28625563
393,0.6384242
394,0.19942293
395,0.7149139
396,0.16186698
397,0.020982996
398,0.11289316
399,0.0021302546
400,0.03933071
401,0.5218456
402,0.24798346
403,0.0779118
404,0.084485024
405,0.007235493
406,0.22728334
407,0.009429067
408,0.5918157
409,0.12025664
410,0.5942975
411,0.48520935
412,0.529468
413,0.51341265
414,0.009760653
415,0.15198106
416,0.30208096
417,0.070128225
418,0.5760764
419,0.081662916
420,0.15862416
421,0.61568815
422,0.36973873
423,0.0168622
424,0.117029876
425,0.11413803
426,0.037684944
427,0.12728871
428,0.6503622
429,0.3163151
430,0.12393235
431,0.0023254592
432,0.24196357
433,0.32249203
434,0.19555868
435,0.0025387192
436,0.87831414
437,0.10626233
438,0.014107112
439,0.69202006
440,0.5866877
441,0.03302363
442,0.3090614
443,0.03897433
444,0.016074793
445,0.6217458
446,0.028517473
447,0.11818259
448,0.0048904037
449,0.2622403
450,0.1724982
451,0.31617504
452,0.07012056
453,0.02066603
454,0.65185255
455,0.3942465
456,0.21658032
457,0.25177827
458,0.18380181
459,0.8402795
460,0.06477498
461,0.92847675
462,0.014972304
463,0.027279893
464,0.042063925
465,0.790469
466,0.1217903
467,0.6089703
468,0.06441597
469,0.48442882
470,0.10965843
471,0.15140109
472,0.37771222
473,0.07825847
474,0.13263373
475,0.31791896
476,0.070958845
477,0.6349466
478,0.44713578
479,0.11899715
480,0.021940373
481,0.8634258
482,0.00917945
483,0.0050689653
484,0.15232004
485,0.02990849
486,0.017045276
487,0.36076212
488,0.26362932
489,0.2204857
490,0.0024986607
491,0.845116
492,0.5851527
493,0.16281328
494,0.0205811
495,0.5234009
496,0.22109617
497,0.003067703
498,0.13716853
499,0.7409273
500,0.8409402
501,0.7270912
502,0.2394857
503,0.096535414
504,0.05605488
505,0.14593062
506,0.20931312
507,0.0052683363
508,0.4505584
509,0.3245124
510,0.14432797
511,0.07569106
512,0.08173518
513,0.9060796
514,0.17384423
515,0.06825977
516,0.01309362
517,0.013628782
518,0.3362502
519,0.06251479
520,0.02900864
521,0.018257564
522,0.1307874
523,0.6024468
524,0.60801816
525,0.02855401
526,0.0040208297
527,0.0027840089
528,0.46399546
529,0.20831837
530,0.28110883
531,0.3391741
532,0.0154903205
533,0.029830331
534,0.41731554
535,0.36399987
536,0.066914
537,0.2964147
538,0.15629016
539,0.7024754
540,0.01119946
541,0.26286396
542,0.0732937
543,0.0109788375
544,0.0573215
545,0.24554351
546,0.101773925
547,0.032651573
548,0.14351189
549,0.4366876
550,0.32955927
551,0.0023179706
552,0.6489356
553,0.21466593
554,0.8636642
555,0.007461452
556,0.02225198
557,0.13155659
558,0.056579374
559,0.03646709
560,0.21131358
561,0.88974404
562,0.52171016
563,0.016001945
564,0.57358223
565,0.08758588
566,0.0030311288
567,0.09477011
568,0.025784079
569,0.016906012
570,0.18720885
571,0.19060355
572,0.0038505667
573,0.0018956919
574,0.0041632876
575,0.3043377
576,0.50238544
577,0.09270296
578,0.27122182
579,0.005710021
580,0.04541717
581,0.70930713
582,0.36125112
583,0.91014034
584,0.7070034
585,0.044951305
586,0.010395968
587,0.026178146
588,0.040241357
589,0.037974738
590,0.05648823
591,0.16984878
592,0.52762884
593,0.23633194
594,0.123850316
595,0.18407099
596,0.5821109
597,0.24707396
598,0.026616514
599,0.73439735
600,0.03548859
601,0.7049124
602,0.015154986
603,0.44881752
604,0.489391
605,0.20030889
606,0.034645766
607,0.80065536
608,0.5209507
609,0.8569178
610,0.47101197
611,0.027806738
612,0.13182557
613,0.6672177
614,0.9289187
615,0.73347217
616,0.03082579
617,0.020186666
618,0.0035577947
619,0.076990426
620,0.013398301
621,0.85813206
622,0.23467994
623,0.1048723
624,0.026148818
625,0.25774473
626,0.09294653
627,0.47156247
628,0.32652113
629,0.074210584
630,0.058241766
631,0.0026670382
632,0.0019391674
633,0.015823567
634,0.06300087
635,0.38114783
636,0.11365991
637,0.23632528
638,0.6483496
639,0.0091295745
640,0.21486269
641,0.2593685
642,0.053016294
643,0.007117886
644,0.0068965545
645,0.26893663
646,0.22517657
647,0.018807977
648,0.8365673
649,0.026084034
650,0.004575903
651,0.034936085
652,0.50784343
653,0.68432605
654,0.016368425
655,0.18601993
656,0.21903256
657,0.015701858
658,0.0038506947
659,0.30738586
660,0.034364156
661,0.39988276
662,0.020824438
663,0.11294956
664,0.081486255
665,0.45055366
666,0.46413994
667,0.2230476
668,0.39571622
669,0.4972013
670,0.31121668
671,0.06597711
672,0.15653774
673,0.60851675
674,0.93409634
675,0.0053565847
676,0.44002774
677,0.024866993
678,0.10412042
679,0.4144307
680,0.26203296
681,0.0031700176
682,0.21992993
683,0.14278136
684,0.26473874
685,0.07800065
686,0.05751335
687,0.7490396
688,0.12475954
689,0.17658208
690,0.058185846
691,0.025091592
692,0.36319458
693,0.40141463
694,0.06625322
695,0.17219968
696,0.22502686
697,0.5171702
698,0.39800757
699,0.054364264
700,0.3461364
701,0.30537605
702,0.0051059504
703,0.014548159
704,0.16082762
705,0.46185857
706,0.27898535
707,0.36194038
708,0.3522314
709,0.6947223
710,0.004026062
711,0.22292922
712,0.50214803
713,0.15239577
714,0.0020124947
715,0.06539109
716,0.0024318588
717,0.28363064
718,0.43312225
719,0.4881407
720,0.21927151
721,0.8525152
722,0.077413164
723,0.004299672
724,0.045296036
725,0.53341943
726,0.003983439
727,0.60589796
728,0.0032024346
729,0.017016158
730,0.54941314
731,0.07189389
732,0.20260593
733,0.0036124417
734,0.086666696
735,0.76160926
736,0.022401765
737,0.07187027
738,0.31746227
739,0.52051866
740,0.53194594
741,0.09205324
742,0.050118726
743,0.170531
744,0.4488746
745,0.1926944
746,0.39935514
747,0.03221154
748,0.06402134
749,0.027206834
750,0.23441666
751,0.028884387
752,0.04200607
753,0.075927936
754,0.33630478
755,0.06838848
756,0.102589116
757,0.0017301668
758,0.00231372
759,0.094029576
760,0.11766153
761,0.11935459
762,0.42893293
763,0.6975325
764,0.027070552
765,0.051383033
766,0.0024985871
767,0.40455687
768,0.010689254
769,0.052717257
770,0.016324446
771,0.067746975
772,0.6759282
773,0.080338426
774,0.52238524
775,0.21717499
776,0.0023987282
777,0.0016596942
778,0.6704696
779,0.10285074
780,0.16084346
781,0.14564936
782,0.28885123
783,0.24477595
784,0.02899391
785,0.0068909004
786,0.0054858914
787,0.31441465
788,0.4324906
789,0.4475798
790,0.14048995
791,0.7113538
792,0.017067038
793,0.11880391
794,0.4620199
795,0.1624264
796,0.08070214
797,0.43717024
798,0.29695177
799,0.32679945
800,0.07395378
801,0.022143021
802,0.13897783
803,0.40973836
804,0.29539168
805,0.39754394
806,0.16306834
807,0.23127967
808,0.24789786
809,0.2155789
810,0.18987799
811,0.1950659
812,0.29752526
813,0.0047216285
814,0.49600902
815,0.0076913554
816,0.75394356
817,0.3710864
818,0.11937292
819,0.55405235
820,0.21744403
821,0.19807036
822,0.79735297
823,0.07153697
824,0.08735033
825,0.0031129452
826,0.49202442
827,0.23516418
828,0.30144766
829,0.09924229
830,0.10251879
831,0.3885156
832,0.42736742
833,0.207929
834,0.33476236
835,0.101672664
836,0.097583026
837,0.37488896
838,0.20957997
839,0.04386311
840,0.017311212
841,0.03017223
842,0.5468385
843,0.08099999
844,0.78341025
845,0.01765441
846,0.74286747
847,0.8899886
848,0.32071933
849,0.16404077
850,0.17364182
851,0.020808872
852,0.033235822
853,0.620526
854,0.41675466
855,0.30600497
856,0.25696704
857,0.021573454
858,0.025607744
859,0.06492275
860,0.8879271
861,0.14692807
862,0.005148054
863,0.11609607
864,0.0639471
865,0.30826843
866,0.49032274
867,0.596113
868,0.02154275
869,0.02149889
870,0.23188141
871,0.37700498
872,0.33767426
873,0.88704765
874,0.08539102
875,0.17332727
876,0.22999297
877,0.21225311
878,0.04398576
879,0.81326663
880,0.44293422
881,0.23087297
882,0.050369814
883,0.03711914
884,0.0034195872
885,0.37179387
886,0.4176222
887,0.035687435
888,0.07817269
889,0.0022919385
890,0.102310486
891,0.0020327973
892,0.7512836
893,0.118649244
894,0.32676485
895,0.0150249135
896,0.2501719
897,0.8454937
898,0.36686903
899,0.038013995
900,0.15826721
901,0.43081135
902,0.101196736
903,0.2624764
904,0.1999167
905,0.54894143
906,0.017791893
907,0.011327497
908,0.28766808
909,0.0034237662
910,0.001224767
911,0.06879902
912,0.27230504
913,0.005307619
914,0.20105304
915,0.6817155
916,0.009155026
917,0.0080882115
918,0.30181983
919,0.052952245
920,0.014049524
921,0.117289044
922,0.2935828
923,0.047270358
924,0.0633169
925,0.5386809
926,0.008884896
927,0.33096927
928,0.48212296
929,0.011020803
930,0.075292364
931,0.04608705
932,0.08235176
933,0.6978907
934,0.040145922
935,0.113724
936,0.36632618
937,0.74791026
938,0.005685632
939,0.014657007
940,0.6051089
941,0.052977502
942,0.3799841
943,0.28481603
944,0.16276063
945,0.09060824
946,0.32325983
947,0.40268627
948,0.689172
949,0.59987235
950,0.088060856
951,0.04147686
952,0.23088323
953,0.6961319
954,0.028148063
955,0.56256473
956,0.01661201
957,0.051477663
958,0.033514276
959,0.14123943
960,0.29932174
961,0.02747861
962,0.33943722
963,0.015874485
964,0.2145938
965,0.83343315
966,0.008959755
967,0.39665544
968,0.0039502913
969,0.120897315
970,0.04043684
971,0.8964703
972,0.1466002
973,0.43324003
974,0.023223761
975,0.65754634
976,0.91179246
977,0.7301118
978,0.62519693
979,0.16160953
980,0.23732924
981,0.1041097
982,0.20785263
983,0.35805112
984,0.08946539
985,0.17670591
986,0.006446789
987,0.1172689
988,0.4815011
989,0.039695486
990,0.02713034
991,0.31936407
992,0.10628741
993,0.016575089
994,0.16679238
995,0.07432134
996,0.058329012
997,0.30338058
998,0.6024959
999,0.35679746
1000,0.40850186
1001,0.013585447
1002,0.02620829
1003,0.015645258
1004,0.071627036
1005,0.14535494
1006,0.72645575
1007,0.534811
1008,0.4742995
1009,0.3178252
1010,0.18422131
1011,0.008289265
1012,0.008211402
1013,0.0015642004
1014,0.026344545
1015,0.088118926
1016,0.46217817
1017,0.6814191
1018,0.0043108608
1019,0.0025924707
1020,0.030370176
1021,0.012275466
1022,0.3358554
1023,0.09951381
1024,0.67683417
1025,0.13422063
1026,0.33784497
1027,0.3375615
1028,0.08705519
1029,0.10263968
1030,0.0015276457
1031,0.0017078577
1032,0.1653979
1033,0.21880871
1034,0.21436602
1035,0.016513225
1036,0.17332333
1037,0.0036484387
1038,0.68803114
1039,0.83418006
1040,0.15063393
1041,0.68429995
1042,0.23897
1043,0.30890742
1044,0.06097773
1045,0.7286611
1046,0.49941823
1047,0.0061752396
1048,0.026420623
1049,0.4576496
1050,0.02503406
1051,0.11873692
1052,0.19796121
1053,0.41624674
1054,0.026357293
1055,0.6551866
1056,0.17015092
1057,0.00781621
1058,0.13388824
1059,0.12510616
1060,0.2654358
1061,0.19018655
1062,0.57320344
1063,0.85448617
1064,0.26774743
1065,0.056942143
1066,0.15934104
1067,0.2712393
1068,0.17931877
1069,0.7274329
1070,0.03363305
1071,0.02239321
1072,0.3979394
1073,0.3532119
1074,0.07598207
1075,0.055292953
1076,0.05429405
1077,0.6643512
1078,0.066282965
1079,0.38574207
1080,0.0040572905
1081,0.75320387
1082,0.0068696183
1083,0.16511473
1084,0.44744444
1085,0.12765004
1086,0.7215896
1087,0.04231429
1088,0.022055877
1089,0.04859603
1090,0.0502855
1091,0.015586353
1092,0.4979795
1093,0.2936814
1094,0.0037653514
1095,0.1699314
1096,0.10824925
1097,0.108164616
1098,0.0019677419
1099,0.8225174
1100,0.052008606
1101,0.16616815
1102,0.17964801
1103,0.7218885
1104,0.047159016
1105,0.9294055
1106,0.14646
1107,0.5244599
1108,0.39204276
1109,0.800898
1110,0.7536262
1111,0.055748798
1112,0.028649617
1113,0.36097968
1114,0.0063019395
1115,0.09660959
1116,0.02279109
1117,0.5993792
1118,0.06252052
1119,0.7038978
1120,0.12797795
1121,0.100164294
1122,0.13119519
1123,0.41917202
1124,0.30342087
1125,0.025682297
1126,0.03385141
1127,0.8626776
1128,0.5666923
1129,0.10277386
1130,0.33190608
1131,0.6457755
1132,0.41382444
1133,0.9009709
1134,0.35772416
1135,0.16426659
1136,0.79160357
1137,0.6176911
1138,0.39381406
1139,0.18185955
1140,0.67012835
1141,0.07392264
1142,0.2808353
1143,0.6333008
1144,0.0052770497
1145,0.71043277
1146,0.0068284385
1147,0.2457547
1148,0.44035807
1149,0.16225816
1150,0.003065691
1151,0.1952224
1152,0.028035592
1153,0.0034573113
1154,0.17641763
1155,0.016993808
1156,0.92028815
1157,0.3032795
1158,0.3622463
1159,0.2391329
1160,0.11849776
1161,0.55220336
1162,0.0038831206
1163,0.006185842
1164,0.09239886
1165,0.2610578
1166,0.38606614
1167,0.2970039
1168,0.79573786
1169,0.174305
1170,0.014104639
1171,0.38952962
1172,0.1185888
1173,0.050351705
1174,0.005152782
1175,0.0023963796
1176,0.20235834
1177,0.428121
1178,0.5909782
1179,0.12642543
1180,0.5807607
1181,0.61897343
1182,0.28993356
1183,0.9246217
1184,0.21047685
1185,0.5062646
1186,0.1288414
1187,0.27932894
1188,0.9157699
1189,0.027560806
1190,0.09392304
1191,0.008939709
1192,0.27988628
1193,0.5110371
1194,0.24670812
1195,0.10160442
1196,0.30658725
1197,0.14331846
1198,0.014554758
1199,0.7546132
1200,0.0031590806
1201,0.0019713345
1202,0.28096217
1203,0.3469324
1204,0.0037944107
1205,0.034934793
1206,0.2182535
1207,0.4349858
1208,0.6058445
1209,0.5576065
1210,0.20458686
1211,0.027888568
1212,0.40016952
1213,0.02680739
1214,0.55955607
1215,0.49364161
1216,0.5057849
1217,0.48852402
1218,0.8579607
1219,0.16726734
1220,0.28744072
1221,0.5320567
1222,0.35296705
1223,0.20009632
1224,0.3785946
1225,0.4499605
1226,0.015524564
1227,0.0019216823
1228,0.0018154063
1229,0.007365676
1230,0.3262222
1231,0.00916672
1232,0.19724493
1233,0.13758053
1234,0.054752387
1235,0.038828906
1236,0.42765537
1237,0.94661415
1238,0.0068530953
1239,0.024689404
1240,0.008739153
1241,0.19387929
1242,0.08314549
1243,0.52777153
1244,0.5063155
1245,0.34897795
1246,0.23833762
1247,0.4225246
1248,0.17322211
1249,0.49012464
1250,0.7609749
1251,0.100361064
1252,0.020574834
1253,0.7903976
1254,0.60256815
1255,0.06191723
1256,0.35030365
1257,0.47582802
1258,0.11714549
1259,0.29003647
1260,0.53660643
1261,0.02118094
1262,0.18335715
1263,0.06602206
1264,0.6997775
1265,0.04748766
1266,0.13659433
1267,0.27155578
1268,0.0127434
1269,0.051149197
1270,0.008091403
1271,0.27894905
1272,0.17948633
1273,0.10529359
1274,0.28681514
1275,0.09804695
1276,0.550432
1277,0.50515836
1278,0.4268234
1279,0.8383859
1280,0.7210853
1281,0.12699
1282,0.14650892
1283,0.11489526
1284,0.8148587
1285,0.09277163
1286,0.030165745
1287,0.15123565
1288,0.6324029
1289,0.007192021
1290,0.15281749
1291,0.7847788
1292,0.079105966
1293,0.1926889
1294,0.016086489
1295,0.019945158
1296,0.08740527
1297,0.32410872
1298,0.08982698
1299,0.018151272
1300,0.23228607
1301,0.013980949
1302,0.6789122
1303,0.43528646
1304,0.005135626
1305,0.28058255
1306,0.47273347
1307,0.5654178
1308,0.03345733
1309,0.16270371
1310,0.5740012
1311,0.26040483
1312,0.0029445242
1313,0.0024842292
1314,0.010368857
1315,0.099593535
1316,0.17981979
1317,0.005159366
1318,0.10479099
1319,0.10080895
1320,0.5261894
1321,0.4371972
1322,0.094580166
1323,0.097197935
1324,0.6421906
1325,0.016387237
1326,0.39474896
1327,0.8611705
1328,0.7118246
1329,0.39586568
1330,0.27109617
1331,0.2871937
1332,0.24228701
1333,0.021506967
1334,0.43341523
1335,0.01456006
1336,0.007360295
1337,0.004160604
1338,0.9719773
1339,0.23188867
1340,0.0048341583
1341,0.17310813
1342,0.26059845
1343,0.1465073
1344,0.021645077
1345,0.536773
1346,0.19806851
1347,0.23657791
1348,0.4948264
1349,0.05613875
1350,0.037689358
1351,0.4209131
1352,0.0033343434
1353,0.81187314
1354,0.91110617
1355,0.7622397
1356,0.047342006
1357,0.6844816
1358,0.0862914
1359,0.049000192
1360,0.030133547
1361,0.031735253
1362,0.29021087
1363,0.03101717
1364,0.5324895
1365,0.042348266
1366,0.24860324
1367,0.6148904
1368,0.25529918
1369,0.016208498
1370,0.01939856
1371,0.06921179
1372,0.19167969
1373,0.05380196
1374,0.28887805
1375,0.07839947
1376,0.3637043
1377,0.23349953
1378,0.8157237
1379,0.93993354
1380,0.89807576
1381,0.096396275
1382,0.015553143
1383,0.43013713
1384,0.069277175
1385,0.08830125
1386,0.35816875
1387,0.18567158
1388,0.14837159
1389,0.7712411
1390,0.13728464
1391,0.2926207
1392,0.0017158614
1393,0.013313612
1394,0.053045943
1395,0.71969694
1396,0.769567
1397,0.0025485016
1398,0.7382946
1399,0.030516664
1400,0.4498211
1401,0.0037835247
1402,0.775618
1403,0.39152622
1404,0.03235941
1405,0.03682206
1406,0.25077146
1407,0.010667915
1408,0.12281445
1409,0.37965658
1410,0.03908684
1411,0.092554435
1412,0.0776518
1413,0.057125513
1414,0.68511623
1415,0.0044720066
1416,0.0074893166
1417,0.90234834
1418,0.027638618
1419,0.0011696055
1420,0.09801027
1421,0.18776648
1422,0.025382958
1423,0.102168046
1424,0.021575026
1425,0.90927523
1426,0.85894084
1427,0.0068759774
1428,0.026983935
1429,0.69912964
1430,0.3024116
1431,0.48969725
1432,0.14752632
1433,0.37278748
1434,0.18154076
1435,0.572398
1436,0.037040435
1437,0.17161806
1438,0.007382618
1439,0.45629984
1440,0.021123767
1441,0.53283817
1442,0.018625127
1443,0.34110227
1444,0.36832434
1445,0.082383566
1446,0.49308798
1447,0.8637224
1448,0.5554587
1449,0.93943
1450,0.64648587
1451,0.32369697
1452,0.0025731225
1453,0.013497902
1454,0.23589517
1455,0.017423004
1456,0.0028609748
1457,0.058681358
1458,0.01601242
1459,0.13363928
1460,0.4756904
1461,0.055261027
1462,0.16535118
1463,0.18386419
1464,0.18124612
1465,0.044404656
1466,0.57087797
1467,0.006639436
1468,0.516676
1469,0.69720465
1470,0.74133366
1471,0.005609156
1472,0.08974806
1473,0.024813473
1474,0.06499361
1475,0.13171841
1476,0.029583365
1477,0.0108140055
1478,0.3901729
1479,0.004268332
1480,0.18895812
1481,0.028895937
1482,0.87451506
1483,0.56817275
1484,0.14045346
1485,0.01473323
1486,0.03922602
1487,0.10630451
1488,0.002431284
1489,0.48848355
1490,0.58277136
1491,0.11932164
1492,0.086705595
1493,0.09022475
1494,0.07093972
1495,0.2975688
1496,0.7210401
1497,0.24547027
1498,0.61639076
1499,0.10985811
1500,0.02975392
1501,0.014419939
1502,0.6103319
1503,0.019018345
1504,0.7153794
1505,0.35582128
1506,0.584691
1507,0.016547807
1508,0.17209597
1509,0.76101196
1510,0.18160032
1511,0.02696916
1512,0.018069606
1513,0.1296517
1514,0.6166895
1515,0.6833518
1516,0.4262153
1517,0.06667175
1518,0.92442566
1519,0.10870016
1520,0.5253426
1521,0.3886326
1522,0.5558096
1523,0.2789648
1524,0.021265352
1525,0.016703615
1526,0.0014207838
1527,0.062339857
1528,0.027584637
1529,0.034174204
1530,0.00961732
1531,0.0019176196
1532,0.3539077
1533,0.29385573
1534,0.43948203
1535,0.0038465562
1536,0.0061935037
1537,0.34276956
1538,0.15892382
1539,0.06236444
1540,0.36256936
1541,0.34037337
1542,0.041771583
1543,0.9022634
1544,0.620727
1545,0.018318363
1546,0.7209059
1547,0.22825041
1548,0.025474124
1549,0.6660059
1550,0.25859988
1551,0.0039662733
1552,0.055531055
1553,0.16496
1554,0.69572836
1555,0.11273808
1556,0.5578561
1557,0.06477489
1558,0.14514096
1559,0.25254136
1560,0.55121064
1561,0.3368805
1562,0.05267827
1563,0.025883455
1564,0.601825
1565,0.076662555
1566,0.06133311
1567,0.3264239
1568,0.20199376
1569,0.045819417
1570,0.69730496
1571,0.047240708
1572,0.24649797
1573,0.54408574
1574,0.24459584
1575,0.009948844
1576,0.062915556
1577,0.30741167
1578,0.011700264
1579,0.091926225
1580,0.76254326
1581,0.061417207
1582,0.0027039626
1583,0.5176303
1584,0.7611154
1585,0.2704171
1586,0.027811684
1587,0.704334
1588,0.112912826
1589,0.63154525
1590,0.04771579
1591,0.0031221672
1592,0.57895875
1593,0.55443907
1594,0.006422121
1595,0.0019907155
1596,0.37454268
1597,0.14112659
1598,0.56384575
1599,0.019343778
1600,0.23792017
1601,0.003768105
1602,0.20296463
1603,0.0653568
1604,0.42881778
1605,0.32053906
1606,0.09077393
1607,0.74623424
1608,0.005512977
1609,0.0045663957
1610,0.07937894
1611,0.0037012326
1612,0.12961195
1613,0.01927173
1614,0.32071537
1615,0.05098666
1616,0.6966055
1617,0.04180645
1618,0.95201385
1619,0.16684885
1620,0.08536143
1621,0.7585555
1622,0.86611146
1623,0.5575069
1624,0.02469448
1625,0.40546888
1626,0.046742916
1627,0.0013257911
1628,0.7443453
1629,0.033412486
1630,0.06804463
1631,0.09546204
1632,0.3180892
1633,0.018955026
1634,0.012364303
1635,0.057291407
1636,0.4788699
1637,0.05748274
1638,0.23022912
1639,0.20706166
1640,0.17447422
1641,0.030179879
1642,0.007989786
1643,0.16524795
1644,0.035986513
1645,0.15547681
1646,0.17290053
1647,0.0031733764
1648,0.20346954
1649,0.21448064
1650,0.3261885
1651,0.76584804
1652,0.16917618
1653,0.020930516
1654,0.76914185
1655,0.009706992
1656,0.47450948
1657,0.01173336
1658,0.029533379
1659,0.026205378
1660,0.18842801
1661,0.8898605
1662,0.11371934
1663,0.43474016
1664,0.025906282
1665,0.11522757
1666,0.1437939
1667,0.6098482
1668,0.12644349
1669,0.22425744
1670,0.83006823
1671,0.055089895
1672,0.0030799552
1673,0.14266449
1674,0.10389363
1675,0.0037335714
1676,0.014371964
1677,0.10083086
1678,0.1642878
1679,0.20456727
1680,0.9818646
1681,0.16867846
1682,0.35214382
1683,0.17800692
1684,0.30147105
1685,0.12343266
1686,0.25079858
1687,0.2055344
1688,0.45379788
1689,0.7742875
1690,0.03076142
1691,0.7505884
1692,0.94693005
1693,0.17653534
1694,0.09067653
1695,0.8848877
1696,0.20740315
1697,0.21385808
1698,0.0052611516
1699,0.0032891768
1700,0.08506269
1701,0.017704278
1702,0.50861007
1703,0.04347014
1704,0.04928431
1705,0.006283021
1706,0.008903482
1707,0.14689037
1708,0.1847211
1709,0.12965995
1710,0.67960876
1711,0.025253683
1712,0.4029595
1713,0.010853843
1714,0.013901935
1715,0.76180947
1716,0.7977076
1717,0.10302234
1718,0.031405047
1719,0.33378488
1720,0.20482212
1721,0.00493432
1722,0.114986524
1723,0.19691993
1724,0.7379457
1725,0.006455888
1726,0.84129447
1727,0.18244633
1728,0.2423797
1729,0.057483356
1730,0.21980762
1731,0.002520169
1732,0.62487346
1733,0.013662476
1734,0.018228296
1735,0.044987716
1736,0.84989566
1737,0.30051345
1738,0.63569206
1739,0.6067069
1740,0.22033077
1741,0.098163486
1742,0.10946738
1743,0.03799074
1744,0.6250712
1745,0.07625057
1746,0.022195324
1747,0.118327945
1748,0.5872334
1749,0.781047
1750,0.26550892
1751,0.060077857
1752,0.24893342
1753,0.73901254
1754,0.47409573
1755,0.31321543
1756,0.6745807
1757,0.015095993
1758,0.05282731
1759,0.141298
1760,0.8260296
1761,0.03536606
1762,0.21842484
1763,0.17155746
1764,0.10337635
1765,0.10711163
1766,0.4416169
1767,0.76486653
1768,0.5998212
1769,0.0043947725
1770,0.115402795
1771,0.66857034
1772,0.18910821
1773,0.010797909
1774,0.078139745
1775,0.08455194
1776,0.029679626
1777,0.16105926
1778,0.21592669
1779,0.6744743
1780,0.0078064837
1781,0.017666817
1782,0.08099108
1783,0.055172
1784,0.26168612
1785,0.3125541
1786,0.002976801
1787,0.10189216
1788,0.2885794
1789,0.7068884
1790,0.17008168
1791,0.52339184
1792,0.10811178
1793,0.027820237
1794,0.3455767
1795,0.005625083
1796,0.7629686
1797,0.14970739
1798,0.014980267
1799,0.3753353
1800,0.08324229
1801,0.0025937597
1802,0.06870244
1803,0.011056111
1804,0.006968457
1805,0.0025881948
1806,0.13891216
1807,0.052654278
1808,0.026746241
1809,0.4723435
1810,0.0025392552
1811,0.296582
1812,0.8574642
1813,0.3306402
1814,0.18142247
1815,0.03883355
1816,0.025317445
1817,0.19270259
1818,0.12197294
1819,0.017763441
1820,0.13108501
1821,0.08130097
1822,0.32254878
1823,0.055546574
1824,0.022781787
1825,0.0026640135
1826,0.1980557
1827,0.6209199
1828,0.25143078
1829,0.013378951
1830,0.1531621
1831,0.003406677
1832,0.25102007
1833,0.008112379
1834,0.043715023
1835,0.6833665
1836,0.13222696
1837,0.4368633
1838,0.8108016
1839,0.0056995237
1840,0.6569453
1841,0.024305634
1842,0.2667625
1843,0.6268823
1844,0.0040726163
1845,0.69982374
1846,0.785264
1847,0.027473353
1848,0.35790953
1849,0.281804
1850,0.022627033
1851,0.22146398
1852,0.14409769
1853,0.0032462103
1854,0.37990233
1855,0.014804153
1856,0.26456636
1857,0.26038188
1858,0.583761
1859,0.0268393
1860,0.016692724
1861,0.4657151
1862,0.25914252
1863,0.7367807
1864,0.09225614
1865,0.85759073
1866,0.20437269
1867,0.103213064
1868,0.41028038
1869,0.62525725
1870,0.31451595
1871,0.0030645488
1872,0.75483084
1873,0.9215256
1874,0.38273826
1875,0.2821557
1876,0.11347471
1877,0.023998525
1878,0.19532524
1879,0.14649796
1880,0.3287263
1881,0.020103866
1882,0.013255581
1883,0.026955726
1884,0.004300131
1885,0.048924897
1886,0.021125479
1887,0.19225019
1888,0.16987842
1889,0.08888343
1890,0.08658232
1891,0.027979776
1892,0.059492514
1893,0.44912136
1894,0.21953143
1895,0.04188153
1896,0.18455803
1897,0.009383898
1898,0.04809949
1899,0.18378209
1900,0.19475512
1901,0.07488642
1902,0.049275406
1903,0.75059515
1904,0.029384645
1905,0.0033385358
1906,0.05790634
1907,0.21099272
1908,0.30736417
1909,0.48987478
1910,0.35114256
1911,0.0040301727
1912,0.48839012
1913,0.08098567
1914,0.040264606
1915,0.011302313
1916,0.8576592
1917,0.6798207
1918,0.05225625
1919,0.06913752
1920,0.78050655
1921,0.10752239
1922,0.001441859
1923,0.6821922
1924,0.43310603
1925,0.13624117
1926,0.048554525
1927,0.0014479464
1928,0.01408884
1929,0.17815806
1930,0.001662181
1931,0.14991722
1932,0.36905834
1933,0.034886956
1934,0.42523304
1935,0.23343173
1936,0.004123839
1937,0.12295875
1938,0.007984866
1939,0.23360161
1940,0.07211734
1941,0.811129
1942,0.045480523
1943,0.1234699
1944,0.16411854
1945,0.025193974
1946,0.025898485
1947,0.06458729
1948,0.062203612
1949,0.6225978
1950,0.04915958
1951,0.66847354
1952,0.7405774
1953,0.13043588
1954,0.21789111
1955,0.26780885
1956,0.10248433
1957,0.47723794
1958,0.037129946
1959,0.5083253
1960,0.14771405
1961,0.017070621
1962,0.6318876
1963,0.27706555
1964,0.16557722
1965,0.36859015
1966,0.8010844
1967,0.17161793
1968,0.8898122
1969,0.017489234
1970,0.03319208
1971,0.4917099
1972,0.59410733
1973,0.45600283
1974,0.97132486
1975,0.54705626
1976,0.037126224
1977,0.15382205
1978,0.06172681
1979,0.30965048
1980,0.72761464
1981,0.49071234
1982,0.802629
1983,0.30590484
1984,0.031375982
1985,0.002723985
1986,0.1359151
1987,0.019601101
1988,0.67782044
1989,0.23795752
1990,0.42094857
1991,0.022841588
1992,0.21519157
1993,0.19887161
1994,0.03671827
1995,0.74984074
1996,0.0033169342
1997,0.01622649
1998,0.068682946
1999,0.008534686
2000,0.11653662
2001,0.2962089
2002,0.31525278
2003,0.003775833
2004,0.22313245
2005,0.5740228
2006,0.012879058
2007,0.465968
2008,0.528942
2009,0.6894873
2010,0.19032519
2011,0.2377205
2012,0.016257782
2013,0.2979128
2014,0.2667585
2015,0.19650966
2016,0.09523804
2017,0.028297327
2018,0.020148722
2019,0.03978026
2020,0.15084773
2021,0.6028244
2022,0.7753481
2023,0.45428967
2024,0.87316173
2025,0.43539757
2026,0.021485383
2027,0.007861856
2028,0.005858336
2029,0.25603855
2030,0.013201113
2031,0.23166412
2032,0.026075771
2033,0.06741985
2034,0.31305882
2035,0.094678536
2036,0.005067085
2037,0.3591957
2038,0.006439555
2039,0.016495382
2040,0.03332812
2041,0.35703027
2042,0.037550576
2043,0.010595148
2044,0.05599493
2045,0.044120368
2046,0.011655625
2047,0.16897874
2048,0.0033089188
2049,0.20908597
2050,0.017463254
2051,0.86875004
2052,0.136307
2053,0.11237545
2054,0.07074777
2055,0.0033521308
2056,0.0014409778
2057,0.007575563
2058,0.55489784
2059,0.0051510027
2060,0.0022236884
2061,0.061963845
2062,0.017202705
2063,0.15315938
2064,0.02236509
2065,0.6915123
2066,0.6174237
2067,0.9063866
2068,0.0060105803
2069,0.013408453
2070,0.032949556
2071,0.035989933
2072,0.040103663
2073,0.02680423
2074,0.124711335
2075,0.0024852315
2076,0.09158484
2077,0.5668184
2078,0.0049470114
2079,0.00397498
2080,0.689664
2081,0.5837796
2082,0.0120182
2083,0.10233892
2084,0.20029524
2085,0.014496255
2086,0.13125238
2087,0.12396063
2088,0.45622525
2089,0.0037040173
2090,0.67419356
2091,0.016323643
2092,0.6485255
2093,0.06844958
2094,0.39521256
2095,0.13914889
2096,0.38982147
2097,0.10462831
2098,0.35676432
2099,0.03828787
2100,0.068920426
2101,0.050646096
2102,0.31390256
2103,0.027417406
2104,0.89850855
2105,0.21244094
2106,0.11942872
2107,0.54451996
2108,0.6304109
2109,0.25419384
2110,0.15224318
2111,0.19514436
2112,0.7010598
2113,0.08084505
2114,0.18825348
2115,0.368277
2116,0.035087183
2117,0.3331746
2118,0.011567997
2119,0.04897017
2120,0.6062141
2121,0.39756656
2122,0.054001044
2123,0.7206866
2124,0.19929896
2125,0.22116283
2126,0.087712094
2127,0.03507228
2128,0.7174764
2129,0.14559308
2130,0.0030147003
2131,0.2592673
2132,0.008327312
2133,0.30746597
2134,0.885014
2135,0.14223544
2136,0.14246765
2137,0.3308714
2138,0.034043435
2139,0.06477043
2140,0.00296812
2141,0.0023176486
2142,0.12000658
2143,0.57774884
2144,0.042879496
2145,0.0180151
2146,0.04614731
2147,0.021037815
2148,0.34622282
2149,0.02151854
2150,0.048628557
2151,0.19189753
2152,0.8041397
2153,0.007836946
2154,0.90791684
2155,0.11357359
2156,0.06500134
2157,0.021605352
2158,0.3987625
2159,0.80574614
2160,0.028199868
2161,0.6723371
2162,0.014744344
2163,0.52562207
2164,0.06373308
2165,0.6208483
2166,0.022579417
2167,0.04531103
2168,0.23703682
2169,0.173144
2170,0.0034251462
2171,0.80209833
2172,0.7085897
2173,0.17488638
2174,0.1426179
2175,0.12018931
2176,0.024215208
2177,0.10420912
2178,0.055562172
2179,0.7306362
2180,0.3760764
2181,0.0034993126
2182,0.0998733
2183,0.4311424
2184,0.6156215
2185,0.17210521
2186,0.17181176
2187,0.026015712
2188,0.023243489
2189,0.010887965
2190,0.009502399
2191,0.35986012
2192,0.3547489
2193,0.013087958
2194,0.002927077
2195,0.55813444
2196,0.370509
2197,0.2420577
2198,0.6279264
2199,0.07220129
2200,0.10872582
2201,0.01223618
2202,0.46463183
2203,0.027147487
2204,0.015115742
2205,0.72859275
2206,0.7317734
2207,0.6745877
2208,0.015933964
2209,0.0018617813
2210,0.024007294
2211,0.5137434
2212,0.0135589475
2213,0.0061952
2214,0.76298416
2215,0.0053273216
2216,0.027532155
2217,0.012024809
2218,0.06758261
2219,0.046332926
2220,0.62076396
2221,0.041410103
2222,0.16590463
2223,0.019011104
2224,0.0046063177
2225,0.015013698
2226,0.14882721
2227,0.027002716
2228,0.9470342
2229,0.2657096
2230,0.20765847
2231,0.017093824
2232,0.12438402
2233,0.013982888
2234,0.9183734
2235,0.17081703
2236,0.032251015
2237,0.015688444
2238,0.08753392
2239,0.05203692
2240,0.0029712387
2241,0.036884014
2242,0.13743608
2243,0.0074589103
2244,0.48359883
2245,0.032438353
2246,0.42830646
2247,0.005076151
2248,0.6294151
2249,0.009494059
2250,0.02849045
2251,0.43427148
2252,0.5762908
2253,0.08674202
2254,0.07810938
2255,0.45424244
2256,0.77868223
2257,0.10213083
2258,0.0024550427
2259,0.002577554
2260,0.029003639
2261,0.5227642
2262,0.512116
2263,0.43827915
2264,0.07775738
2265,0.16196455
2266,0.36774665
2267,0.1669337
2268,0.12405635
2269,0.003490101
2270,0.005546547
2271,0.0014588924
2272,0.55058134
2273,0.03743946
2274,0.0565927
2275,0.5026443
2276,0.03474202
2277,0.35470703
2278,0.70046395
2279,0.7697478
2280,0.23297366
2281,0.7271383
2282,0.29522616
2283,0.4747948
2284,0.2659687
2285,0.01620982
2286,0.03475292
2287,0.35528812
2288,0.0721827
2289,0.5992814
2290,0.071535
2291,0.18702279
2292,0.020113962
2293,0.24235933
2294,0.056759283
2295,0.5877546
2296,0.15266858
2297,0.34952947
2298,0.017088939
2299,0.090100124
2300,0.008004486
2301,0.36179015
2302,0.42666858
2303,0.15269005
2304,0.0717875
2305,0.37689397
2306,0.07353055
2307,0.07292908
2308,0.003964032
2309,0.0029516697
2310,0.032320037
2311,0.3719669
2312,0.059980623
2313,0.6431357
2314,0.018153429
2315,0.023265915
2316,0.00781492
2317,0.16189203
2318,0.07429521
2319,0.17234099
2320,0.64499426
2321,0.35648912
2322,0.16962786
2323,0.012931807
2324,0.36625367
2325,0.052796096
2326,0.69815904
2327,0.8916764
2328,0.06526182
2329,0.030737007
2330,0.094437934
2331,0.20328903
2332,0.03444561
2333,0.15951349
2334,0.13637279
2335,0.16146469
2336,0.0091849975
2337,0.8682413
2338,0.037889134
2339,0.0019689915
2340,0.010983653
2341,0.028479448
2342,0.14322263
2343,0.0023476265
2344,0.30451676
2345,0.23677482
2346,0.1639755
2347,0.27519628
2348,0.4936113
2349,0.21426538
2350,0.48362577
2351,0.6405407
2352,0.07734061
2353,0.33423087
2354,0.1931304
2355,0.0032414373
2356,0.032499567
2357,0.3600283
2358,0.16286632
2359,0.30251095
2360,0.14194152
2361,0.10182376
2362,0.30804688
2363,0.3474157
2364,0.02125557
2365,0.33441192
2366,0.23211484
2367,0.10570249
2368,0.6762776
2369,0.62767047
2370,0.09489563
2371,0.4540336
2372,0.48667875
2373,0.7305845
2374,0.30689484
2375,0.11824288
2376,0.5179939
2377,0.014881205
2378,0.26313433
2379,0.002436136
2380,0.116897896
2381,0.08969471
2382,0.021305619
2383,0.712513
2384,0.7383167
2385,0.1672708
2386,0.38231218
2387,0.18791308
2388,0.013214611
2389,0.075968415
2390,0.2893689
2391,0.36240855
2392,0.0033814104
2393,0.5519466
2394,0.026354821
2395,0.260179
2396,0.1969117
2397,0.12409674
2398,0.0033340347
2399,0.42002273
2400,0.0049912394
2401,0.092819415
2402,0.71740234
2403,0.5698159
2404,0.6736295
2405,0.010365222
2406,0.005498153
2407,0.8969331
2408,0.0074135964
2409,0.39281183
2410,0.01944995
2411,0.588795
2412,0.3063292
2413,0.039050512
2414,0.1401883
2415,0.76562005
2416,0.020532155
2417,0.10867273
2418,0.18823041
2419,0.37344855
2420,0.8246988
2421,0.39017206
2422,0.08748269
2423,0.042449053
2424,0.34402138
2425,0.43933684
2426,0.054722756
2427,0.029817265
2428,0.32525885
2429,0.61706764
2430,0.1407283
2431,0.04340251
2432,0.015751533
2433,0.0023424022
2434,0.09239488
2435,0.23884937
2436,0.18926185
2437,0.06430142
2438,0.041925322
2439,0.78592455
2440,0.0665994
2441,0.4665591
2442,0.039158355
2443,0.4658598
2444,0.06947331
2445,0.16343023
2446,0.1256707
2447,0.29859892
2448,0.059460066
2449,0.052319728
2450,0.007613558
2451,0.016952977
2452,0.21091312
2453,0.063059784
2454,0.29511178
2455,0.028864712
2456,0.0031564885
2457,0.0019072555
2458,0.5640173
2459,0.0188771
2460,0.03237718
2461,0.0071381107
2462,0.011334056
2463,0.7973666
2464,0.23208399
2465,0.3371987
2466,0.010993199
2467,0.0042511523
2468,0.002577787
2469,0.37231314
2470,0.0045802277
2471,0.52152985
2472,0.0023106115
2473,0.16383186
2474,0.6244159
2475,0.22289772
2476,0.002614614
2477,0.3835551
2478,0.18997492
2479,0.019487197
2480,0.04702305
2481,0.21626367
2482,0.09007793
2483,0.49301007
2484,0.1395574
2485,0.04024499
2486,0.62320054
2487,0.05186353
2488,0.0018549557
2489,0.4525125
2490,0.49880433
2491,0.5140639
2492,0.05456927
2493,0.00888094
2494,0.081239626
2495,0.019945057
2496,0.0042911223
2497,0.20724058
2498,0.10860171
2499,0.038702663
2500,0.020063903
2501,0.011785921
2502,0.035943408
2503,0.88894266
2504,0.27191857
2505,0.358004
2506,0.29793635
2507,0.33104572
2508,0.47383276
2509,0.024404159
2510,0.29009902
2511,0.010238648
2512,0.03961657
2513,0.74489075
2514,0.63110286
2515,0.27537823
2516,0.0142491795
2517,0.0096318
2518,0.71966535
2519,0.38539523
2520,0.07641281
2521,0.059470203
2522,0.41731903
2523,0.6584033
2524,0.8141145
2525,0.768373
2526,0.014963727
2527,0.0012151339
2528,0.19964454
2529,0.82769436
2530,0.040844362
2531,0.23202716
2532,0.3973739
2533,0.68712145
2534,0.24470815
2535,0.030285595
2536,0.23339854
2537,0.13679187
2538,0.82860434
2539,0.13008152
2540,0.0036260362
2541,0.021046782
2542,0.027603203
2543,0.30060816
2544,0.09901695
2545,0.037410017
2546,0.35217166
2547,0.017598115
2548,0.0635014
2549,0.53735024
2550,0.71443206
2551,0.8494734
2552,0.062628515
2553,0.011284823
2554,0.010025078
2555,0.071842365
2556,0.6740674
2557,0.18598945
2558,0.2618949
2559,0.086597115
2560,0.015142998
2561,0.16039112
2562,0.2577857
2563,0.8362939
2564,0.22554237
2565,0.059310853
2566,0.2026926
2567,0.6566848
2568,0.024504593
2569,0.0802291
2570,0.20241183
2571,0.041886423
2572,0.028790927
2573,0.28409526
2574,0.80292046
2575,0.005008212
2576,0.034732763
2577,0.52813256
2578,0.23654748
2579,0.0181129
2580,0.20526087
2581,0.2416101
2582,0.08564535
2583,0.2724329
2584,0.43824506
2585,0.0070855306
2586,0.004622365
2587,0.01069841
2588,0.108598135
2589,0.29364634
2590,0.27190423
2591,0.62112653
2592,0.42975026
2593,0.124718465
2594,0.22965808
2595,0.012380385
2596,0.04707344
2597,0.84118474
2598,0.63915074
2599,0.07708282
2600,0.0034046
2601,0.010144747
2602,0.4653619
2603,0.87563694
2604,0.018325267
2605,0.4994331
2606,0.19613743
2607,0.514103
2608,0.67276734
2609,0.23750244
2610,0.8871693
2611,0.007011752
2612,0.10352119
2613,0.7918537
2614,0.088283785
2615,0.0023359659
2616,0.36195418
2617,0.013401257
2618,0.016406272
2619,0.3680283
2620,0.36348695
2621,0.6394805
2622,0.41600782
2623,0.40026614
2624,0.68557197
2625,0.51856875
2626,0.86533684
2627,0.057304986
2628,0.019289149
2629,0.26483616
2630,0.36354965
2631,0.0024713003
2632,0.30291557
2633,0.17364535
2634,0.011965996
2635,0.027444314
2636,0.0064755348
2637,0.008793714
2638,0.021424554
2639,0.0030761827
2640,0.31261623
2641,0.28010377
2642,0.45814368
2643,0.68685675
2644,0.01753194
2645,0.07975518
2646,0.11665022
2647,0.0241775
2648,0.5044471
2649,0.4255593
2650,0.33128145
2651,0.012908376
2652,0.46033993
2653,0.11700662
2654,0.39958036
2655,0.032001074
2656,0.14156623
2657,0.14485995
2658,0.28943878
2659,0.43413028
2660,0.6180751
2661,0.3261136
2662,0.021730192
2663,0.018516483
2664,0.17450376
2665,0.15216927
2666,0.789754
2667,0.32009393
2668,0.017460285
2669,0.26969305
2670,0.023353765
2671,0.0075536976
2672,0.697286
2673,0.090855934
2674,0.17607985
2675,0.7059989
2676,0.86436206
2677,0.38754305
2678,0.026516385
2679,0.033285286
2680,0.25228584
2681,0.050063007
2682,0.51765144
2683,0.32750213
2684,0.032899465
2685,0.1127368
2686,0.13817742
2687,0.6404149
2688,0.0038283025
2689,0.28102252
2690,0.37529162
2691,0.0024929398
2692,0.22044821
2693,0.5367528
2694,0.34952942
2695,0.6097924
2696,0.25817323
2697,0.20927158
2698,0.0021381034
2699,0.015278788
2700,0.1543353
2701,0.0044061644
2702,0.38105968
2703,0.07739242
2704,0.6888723
2705,0.019327693
2706,0.4356792
2707,0.28797552
2708,0.19240856
2709,0.124663144
2710,0.0020943098
2711,0.52999485
2712,0.044811506
2713,0.33138177
2714,0.06572603
2715,0.0064164065
2716,0.85370564
2717,0.26614794
2718,0.698995
2719,0.14173588
2720,0.0025912886
2721,0.7121432
2722,0.46261647
2723,0.072387815
2724,0.4779569
2725,0.2897724
2726,0.31546438
2727,0.011460917
2728,0.030015578
2729,0.1587068
2730,0.91951704
2731,0.040795326
2732,0.30426177
2733,0.0050913165
2734,0.039879516
2735,0.10220506
2736,0.0058030738
2737,0.41137218
2738,0.8061589
2739,0.078169085
2740,0.015140082
2741,0.5455543
2742,0.30603296
2743,0.22158776
2744,0.32087705
2745,0.55431026
2746,0.011153487
2747,0.5565614
2748,0.31627113
2749,0.7286061
2750,0.023847342
2751,0.0026890195
2752,0.20620944
2753,0.015653498
2754,0.47611234
2755,0.8010869
2756,0.32148603
2757,0.01372747
2758,0.0016023513
2759,0.21498151
2760,0.025224825
2761,0.011846554
2762,0.013880269
2763,0.024185013
2764,0.005253825
2765,0.0041066087
2766,0.029268596
2767,0.81112635
2768,0.3628374
2769,0.77125853
2770,0.20740947
2771,0.003506343
2772,0.1993719
2773,0.19469301
2774,0.04767922
2775,0.004849223
2776,0.038153704
2777,0.013891336
2778,0.030515939
2779,0.4950702
2780,0.45146254
2781,0.094018765
2782,0.02085686
2783,0.36558205
2784,0.009463584
2785,0.0011046055
2786,0.0040011597
2787,0.07967969
2788,0.5620785
2789,0.013701915
2790,0.0069816574
2791,0.030489461
2792,0.5160814
2793,0.63105357
2794,0.7372876
2795,0.35348794
2796,0.2679
2797,0.052951507
2798,0.26848897
2799,0.48195994
2800,0.2628435
2801,0.83969396
2802,0.0071798824
2803,0.0018724103
2804,0.0024247863
2805,0.2733004
2806,0.014929269
2807,0.15551633
2808,0.68310726
2809,0.0028146717
2810,0.34366217
2811,0.4441395
2812,0.015768893
2813,0.02213742
2814,0.0017053328
2815,0.02394002
2816,0.11127247
2817,0.20242485
2818,0.010073987
2819,0.8410221
2820,0.110173285
2821,0.07967595
2822,0.6651249
2823,0.00248078
2824,0.0016010681
2825,0.6435275
2826,0.45965993
2827,0.91921073
2828,0.26856956
2829,0.35798714
2830,0.0016066006
2831,0.4060151
2832,0.019605665
2833,0.008560613
2834,0.20878972
2835,0.1433719
2836,0.002746923
2837,0.0021740608
2838,0.008187325
2839,0.081203796
2840,0.17095838
2841,0.66300535
2842,0.3872378
2843,0.0788734
2844,0.6817181
2845,0.70714724
2846,0.4435991
2847,0.24792078
2848,0.03956869
2849,0.16143654
2850,0.8881234
2851,0.82073945
2852,0.46837953
2853,0.2714233
2854,0.85585517
2855,0.054089878
2856,0.0024119732
2857,0.20541544
2858,0.3204098
2859,0.88441646
2860,0.004826269
2861,0.017279103
2862,0.9229676
2863,0.1592505
2864,0.4205273
2865,0.8906091
2866,0.51042575
2867,0.04484998
2868,0.0032292136
2869,0.08224776
2870,0.006605895
2871,0.36094135
2872,0.8876566
2873,0.31916648
2874,0.07325418
2875,0.20015258
2876,0.03211848
2877,0.5539575
2878,0.11590507
2879,0.5385123
2880,0.6536763
2881,0.032030333
2882,0.1731859
2883,0.024864849
2884,0.040836338
2885,0.13704205
2886,0.0072888397
2887,0.057638317
2888,0.7555977
2889,0.18195502
2890,0.060421057
2891,0.01200411
2892,0.0011219747
2893,0.3949441
2894,0.04731308
2895,0.019100487
2896,0.19594774
2897,0.56207657
2898,0.0037766586
2899,0.574069
2900,0.22118011
2901,0.33380544
2902,0.041908912
2903,0.0058260188
2904,0.522983
2905,0.016060103
2906,0.018164592
2907,0.54469365
2908,0.46929014
2909,0.024034748
2910,0.24897592
2911,0.053059213
2912,0.40517887
2913,0.005781142
2914,0.007683986
2915,0.05729355
2916,0.28838155
2917,0.26022094
2918,0.1947961
2919,0.007301831
2920,0.5149922
2921,0.16945924
2922,0.06192922
2923,0.12695453
2924,0.48586935
2925,0.035493407
2926,0.4801425
2927,0.0029944056
2928,0.1301784
2929,0.22586359
2930,0.021217551
2931,0.8577552
2932,0.2837664
2933,0.10024822
2934,0.122878894
2935,0.010410609
2936,0.43765122
2937,0.39911717
2938,0.29411006
2939,0.4260022
2940,0.32309258
2941,0.55390793
2942,0.008779544
2943,0.05018523
2944,0.12992899
2945,0.6168402
2946,0.02352997
2947,0.13548277
2948,0.19171524
2949,0.0081999265
2950,0.23479551
2951,0.11968369
2952,0.28905907
2953,0.0056334217
2954,0.15370847
2955,0.07017076
2956,0.1962783
2957,0.20888588
2958,0.22802491
2959,0.4759603
2960,0.51476616
2961,0.12795775
2962,0.3982296
2963,0.56075794
2964,0.06685601
2965,0.10094558
2966,0.0555799
2967,0.05706574
2968,0.027064413
2969,0.41751036
2970,0.048769638
2971,0.023482237
2972,0.02371637
2973,0.007835033
2974,0.26717174
2975,0.5310509
2976,0.4135218
2977,0.40253997
2978,0.54858124
2979,0.24869782
2980,0.002421225
2981,0.012040187
2982,0.0073116156
2983,0.47244102
2984,0.5457047
2985,0.037678465
2986,0.0048316955
2987,0.2663281
2988,0.32507837
2989,0.11746551
2990,0.39789695
2991,0.6740259
2992,0.0041881464
2993,0.074680895
2994,0.0045514945
2995,0.061289437
2996,0.082844704
2997,0.4923567
2998,0.0545245
2999,0.8219177
3000,0.26604456
3001,0.8401046
3002,0.19048876
3003,0.0047506616
3004,0.097882934
3005,0.40048447
3006,0.3195467
3007,0.04052871
3008,0.0039279154
3009,0.19878685
3010,0.6626031
3011,0.07156013
3012,0.103221275
3013,0.019377565
3014,0.40930444
3015,0.037656702
3016,0.0025686168
3017,0.09566625
3018,0.025480412
3019,0.0018200766
3020,0.0077224174
3021,0.2854444
3022,0.002217261
3023,0.0010833824
3024,0.12498933
3025,0.54279697
3026,0.028623926
3027,0.66360456
3028,0.005934337
3029,0.012581507
3030,0.022666506
3031,0.6296354
3032,0.206185
3033,0.00280354
3034,0.24291931
3035,0.120612904
3036,0.7125181
3037,0.2323796
3038,0.1447966
3039,0.018332122
3040,0.12507854
3041,0.91617036
3042,0.53840876
3043,0.8366352
3044,0.005207653
3045,0.106338784
3046,0.35277608
3047,0.37872306
3048,0.07922254
3049,0.095305815
3050,0.11248742
3051,0.008186714
3052,0.7360886
3053,0.084986344
3054,0.019976063
3055,0.09418049
3056,0.0023475518
3057,0.7317942
3058,0.48522013
3059,0.77395374
3060,0.09802096
3061,0.0054826974
3062,0.017973386
3063,0.002309875
3064,0.20197804
3065,0.41819295
3066,0.38852388
3067,0.49644226
3068,0.0074216393
3069,0.040763196
3070,0.24056181
3071,0.01113687
3072,0.22026575
3073,0.05784602
3074,0.0016734957
3075,0.26052517
3076,0.18927605
3077,0.07799444
3078,0.9009657
3079,0.84620243
3080,0.21412659
3081,0.5848686
3082,0.07001273
3083,0.3611856
3084,0.76984113
3085,0.16579144
3086,0.8234664
3087,0.4697115
3088,0.20237446
3089,0.29531235
3090,0.70742005
3091,0.81900555
3092,0.45773163
3093,0.33843544
3094,0.40094167
3095,0.312156
3096,0.4517441
3097,0.030160924
3098,0.94313675
3099,0.38497907
3100,0.261257
3101,0.6330028
3102,0.01854938
3103,0.9359275
3104,0.3524795
3105,0.27125734
3106,0.33949116
3107,0.6035731
3108,0.07319815
3109,0.13085988
3110,0.039420784
3111,0.06978801
3112,0.047928274
3113,0.16331592
3114,0.78768826
3115,0.0825784
3116,0.04681316
3117,0.23963395
3118,0.20204283
3119,0.93723685
3120,0.44879997
3121,0.19671449
3122,0.82691276
3123,0.20111558
3124,0.061063644
3125,0.46669513
3126,0.002659144
3127,0.22391045
3128,0.07355868
3129,0.30471265
3130,0.5020944
3131,0.6497416
3132,0.11055765
3133,0.0042298096
3134,0.1935417
3135,0.44304973
3136,0.08066634
3137,0.24692625
3138,0.39857975
3139,0.007090581
3140,0.0035698696
3141,0.0020455234
3142,0.008491082
3143,0.07072049
3144,0.4894714
3145,0.0034178328
3146,0.36623117
3147,0.003206416
3148,0.6975565
3149,0.24165219
3150,0.016056817
3151,0.26273748
3152,0.0030045274
3153,0.013031825
3154,0.87017256
3155,0.03466423
3156,0.02162128
3157,0.71128005
3158,0.018183082
3159,0.16766043
3160,0.1987846
3161,0.19028011
3162,0.04601711
3163,0.0010643866
3164,0.33137834
3165,0.10806113
3166,0.03245535
3167,0.042106755
3168,0.15211742
3169,0.1533175
3170,0.32338914
3171,0.10405361
3172,0.8873954
3173,0.73821896
3174,0.070989355
3175,0.28661087
3176,0.09853915
3177,0.013613368
3178,0.020953014
3179,0.020329794
3180,0.006939969
3181,0.45907068
3182,0.0021218886
3183,0.0043445285
3184,0.29044315
3185,0.47802946
3186,0.0022755738
3187,0.044013623
3188,0.1283831
3189,0.94506854
3190,0.26195613
3191,0.3963366
3192,0.00290791
3193,0.014140602
3194,0.052085422
3195,0.1372497
3196,0.400186
3197,0.49319234
3198,0.14658076
3199,0.012881501
3200,0.16939458
3201,0.6888859
3202,0.065768994
3203,0.08207948
3204,0.4177924
3205,0.29630294
3206,0.017878797
3207,0.13286062
3208,0.18219227
3209,0.23077996
3210,0.08856262
3211,0.27080703
3212,0.46494487
3213,0.11805483
3214,0.6380553
3215,0.46579295
3216,0.24393299
3217,0.0106918
3218,0.006282143
3219,0.10027617
3220,0.0025693558
3221,0.012275537
3222,0.41706815
3223,0.017995354
3224,0.1089512
3225,0.47820026
3226,0.19617072
3227,0.07259483
3228,0.21882474
3229,0.15097952
3230,0.15187778
3231,0.43210936
3232,0.72145456
3233,0.01907547
3234,0.027661953
3235,0.445751
3236,0.09730551
3237,0.0018956359
3238,0.11587039
3239,0.8305499
3240,0.5107655
3241,0.78936595
3242,0.15724027
3243,0.21050453
3244,0.75491774
3245,0.03262818
3246,0.22103564
3247,0.88357294
3248,0.012714164
3249,0.19219792
3250,0.059856337
3251,0.26409987
3252,0.02575868
3253,0.11373337
3254,0.43514225
3255,0.10503504
3256,0.11089759
3257,0.022846166
3258,0.36907876
3259,0.0028502538
3260,0.021760343
3261,0.124586225
3262,0.5978243
3263,0.18466252
3264,0.7815964
3265,0.029170115
3266,0.010189838
3267,0.055906627
3268,0.0016478262
3269,0.2921895
3270,0.002744864
3271,0.0016112109
3272,0.749588
3273,0.71655333
3274,0.54216033
3275,0.5723185
3276,0.07797846
3277,0.10014976
3278,0.06466409
3279,0.587947
3280,0.0077891806
3281,0.6562009
3282,0.16171001
3283,0.70156413
3284,0.14493395
3285,0.898964
3286,0.004355466
3287,0.0074831406
3288,0.004046734
3289,0.01704917
3290,0.18748729
3291,0.5787411
3292,0.54351157
3293,0.45834017
3294,0.0872942
3295,0.19932356
3296,0.35667887
3297,0.12064751
3298,0.71891314
3299,0.13971108
3300,0.08090012
3301,0.30169997
3302,0.15501146
3303,0.11260174
3304,0.24672191
3305,0.045903943
3306,0.85824215
3307,0.64888513
3308,0.20313619
3309,0.38251922
3310,0.5457133
3311,0.28534603
3312,0.02513854
3313,0.33300057
3314,0.15539105
3315,0.22944412
3316,0.3570223
3317,0.05334224
3318,0.0014902473
3319,0.9603743
3320,0.30436307
3321,0.82793325
3322,0.66322434
3323,0.6137373
3324,0.6840312
3325,0.10067585
3326,0.096750095
3327,0.2165252
3328,0.022539359
3329,0.30770257
3330,0.9176546
3331,0.4602784
3332,0.048172846
3333,0.0677498
3334,0.49259087
3335,0.05122543
3336,0.0026452835
3337,0.43949285
3338,0.3601599
3339,0.41325212
3340,0.22810404
3341,0.051156383
3342,0.9060136
3343,0.09479204
3344,0.003639713
3345,0.84352386
3346,0.37543416
3347,0.28204834
3348,0.35995066
3349,0.049195264
3350,0.016960956
3351,0.024184138
3352,0.012738446
3353,0.18898585
3354,0.25527912
3355,0.0034236277
3356,0.52734166
3357,0.078797415
3358,0.6107832
3359,0.66044354
3360,0.15419102
3361,0.28006315
3362,0.18402933
3363,0.432326
3364,0.20897858
3365,0.80600715
3366,0.79501307
3367,0.21870236
3368,0.26333508
3369,0.28276354
3370,0.19439992
3371,0.05811981
3372,0.34910923
3373,0.36150518
3374,0.68908715
3375,0.83325136
3376,0.052071247
3377,0.023891674
3378,0.13033767
3379,0.0068894424
3380,0.1711264
3381,0.22943676
3382,0.87656456
3383,0.13173057
3384,0.6771832
3385,0.24217413
3386,0.06316315
3387,0.004084645
3388,0.008237223
3389,0.11676749
3390,0.8898693
3391,0.26407078
3392,0.713458
3393,0.89158106
3394,0.23044823
3395,0.20561333
3396,0.17877518
3397,0.04481902
3398,0.73528194
3399,0.20305291
3400,0.11858642
3401,0.81706303
3402,0.010052967
3403,0.32156914
3404,0.16988869
3405,0.48666215
3406,0.047270495
3407,0.24800111
3408,0.009812347
3409,0.15059642
3410,0.14248697
3411,0.07204246
3412,0.011882656
3413,0.43042368
3414,0.15147987
3415,0.4585343
3416,0.15809251
3417,0.6750726
3418,0.1254095
3419,0.10466232
3420,0.12251237
3421,0.48999164
3422,0.21103758
3423,0.08844931
3424,0.21959864
3425,0.0904981
3426,0.0014911813
3427,0.022392472
3428,0.7001471
3429,0.00495001
3430,0.086863086
3431,0.59015286
3432,0.47357798
3433,0.4293276
3434,0.32092163
3435,0.043689057
3436,0.4574929
3437,0.03292085
3438,0.24093154
3439,0.5841932
3440,0.6736781
3441,0.0292863
3442,0.7441427
3443,0.005265608
3444,0.13905948
3445,0.18819115
3446,0.056510277
3447,0.084880725
3448,0.0015480365
3449,0.016345203
3450,0.009094537
3451,0.022272347
3452,0.67740434
3453,0.23185116
3454,0.30912432
3455,0.004109777
3456,0.38736814
3457,0.35638508
3458,0.037177734
3459,0.34030876
3460,0.23052101
3461,0.034773726
3462,0.24236967
3463,0.2455534
3464,0.8006954
3465,0.005852965
3466,0.2614914
3467,0.01558135
3468,0.15928029
3469,0.063359916
3470,0.37476555
3471,0.8300784
3472,0.105527565
3473,0.62615764
3474,0.0136812385
3475,0.7101149
3476,0.0506147
3477,0.012661772
3478,0.07749077
3479,0.08152035
3480,0.22628887
3481,0.08810647
3482,0.26977757
3483,0.4274247
3484,0.031786833
3485,0.47191966
3486,0.024545638
3487,0.72700244
3488,0.36206898
3489,0.0072254236
3490,0.6532893
3491,0.88861346
3492,0.23705643
3493,0.26082402
3494,0.04588743
3495,0.078208424
3496,0.037104256
3497,0.012098562
3498,0.07710453
3499,0.038840972
3500,0.109934025
3501,0.70642394
3502,0.0018128003
3503,0.0130241485
3504,0.31291184
3505,0.05612454
3506,0.022350788
3507,0.21031314
3508,0.0594849
3509,0.7555098
3510,0.0328705
3511,0.024500785
3512,0.13299641
3513,0.04195029
3514,0.39815646
3515,0.030723281
3516,0.05442812
3517,0.002630514
3518,0.34343565
3519,0.7606047
3520,0.013369149
3521,0.6641633
3522,0.28038713
3523,0.015076941
3524,0.22750789
3525,0.48912442
3526,0.07656628
3527,0.38011736
3528,0.6618232
3529,0.020384658
3530,0.021720083
3531,0.016770937
3532,0.19505277
3533,0.026838217
3534,0.3512665
3535,0.34469464
3536,0.60789603
3537,0.055847082
3538,0.47542647
3539,0.16503313
3540,0.011059756
3541,0.035736527
3542,0.39481723
3543,0.020111306
3544,0.08216923
3545,0.34516776
3546,0.47628036
3547,0.70673704
3548,0.28841424
3549,0.0063566393
3550,0.0030142744
3551,0.83215636
3552,0.1653038
3553,0.5361187
3554,0.2246049
3555,0.0631119
3556,0.0033045902
3557,0.005182394
3558,0.7374597
3559,0.13355455
3560,0.23468807
3561,0.27814144
3562,0.59217566
3563,0.05371985
3564,0.1373546
3565,0.002689952
3566,0.014121352
3567,0.4671438
3568,0.24032532
3569,0.023359144
3570,0.013853058
3571,0.0049023693
3572,0.070717394
3573,0.15620685
3574,0.019424528
3575,0.48894373
3576,0.008430973
3577,0.040212005
3578,0.2751762
3579,0.07789608
3580,0.21439661
3581,0.39708713
3582,0.4921563
3583,0.012909713
3584,0.051396944
3585,0.19005276
3586,0.1864507
3587,0.0317023
3588,0.009972123
3589,0.017833265
3590,0.031551465
3591,0.18225612
3592,0.04739158
3593,0.4668422
3594,0.05723159
3595,0.0122576775
3596,0.4032871
3597,0.25640488
3598,0.0309627
3599,0.06039816
3600,0.8736169
3601,0.6591416
3602,0.36174497
3603,0.015620968
3604,0.8685569
3605,0.25007918
3606,0.03769187
3607,0.04525201
3608,0.16112523
3609,0.08723786
3610,0.28258333
3611,0.030046552
3612,0.20548767
3613,0.12719467
3614,0.06328313
3615,0.1310315
3616,0.30112243
3617,0.5799358
3618,0.8536485
3619,0.043637767
3620,0.215647
3621,0.15993282
3622,0.046815168
3623,0.013359076
3624,0.34952977
3625,0.17155443
3626,0.94194233
3627,0.0067854607
3628,0.5451058
3629,0.005894898
3630,0.16876079
3631,0.0028843568
3632,0.08609999
3633,0.0958969
3634,0.21077845
3635,0.12031795
3636,0.66216695
3637,0.05462642
3638,0.009957997
3639,0.012313666
3640,0.2343757
3641,0.0527123
3642,0.18796852
3643,0.07193978
3644,0.3845953
3645,0.19329034
3646,0.14984615
3647,0.33134225
3648,0.024833899
3649,0.01918698
3650,0.2619553
3651,0.1159449
3652,0.6247053
3653,0.14539552
3654,0.0074027935
3655,0.8718183
3656,0.04722483
3657,0.38917193
3658,0.026898377
3659,0.35141376
3660,0.8663464
3661,0.081113964
3662,0.108668886
3663,0.016966714
3664,0.011165442
3665,0.0019005944
3666,0.0015183801
3667,0.012617522
3668,0.30009985
3669,0.6562515
3670,0.048926286
3671,0.013778909
3672,0.037884455
3673,0.013884517
3674,0.41087547
3675,0.2424388
3676,0.03782814
3677,0.0039831814
3678,0.06444303
3679,0.0024080111
3680,0.002270513
3681,0.81171036
3682,0.5568655
3683,0.052044954
3684,0.50225997
3685,0.004765246
3686,0.8020829
3687,0.15172638
3688,0.6596009
3689,0.0066396217
3690,0.5445098
3691,0.09220535
3692,0.27237007
3693,0.013496975
3694,0.017803356
3695,0.2526284
3696,0.019097555
3697,0.0021474222
3698,0.09877116
3699,0.33913887
3700,0.1607398
3701,0.9756846
3702,0.3468303
3703,0.0084065795
3704,0.0019799503
3705,0.902658
3706,0.21159458
3707,0.02392624
3708,0.5219011
3709,0.0030840999
3710,0.06418631
3711,0.56753826
3712,0.2198935
3713,0.12061311
3714,0.2543514
3715,0.4990061
3716,0.0844467
3717,0.015548398
3718,0.23230013
3719,0.7107442
3720,0.09277584
3721,0.6493824
3722,0.18696499
3723,0.94892985
3724,0.036899347
3725,0.1520695
3726,0.20302618
3727,0.0031872313
3728,0.011096234
3729,0.0203308
3730,0.0014426934
3731,0.17765163
3732,0.35922945
3733,0.015148524
3734,0.28854567
3735,0.0029086843
3736,0.012865964
3737,0.062817514
3738,0.19565827
3739,0.34069878
3740,0.050669447
3741,0.0060989927
3742,0.1956592
3743,0.16035582
3744,0.12943281
3745,0.014621419
3746,0.17552535
3747,0.09199639
3748,0.031069309
3749,0.18652986
3750,0.6116835
3751,0.04080195
3752,0.05118167
3753,0.056085136
3754,0.22210507
3755,0.0019240087
3756,0.032267686
3757,0.027532881
3758,0.20524675
3759,0.012983457
3760,0.25789768
3761,0.23664658
3762,0.22514577
3763,0.91020733
3764,0.39932305
3765,0.6282477
3766,0.40817046
3767,0.15753762
3768,0.55622095
3769,0.4767736
3770,0.6685813
3771,0.07435607
3772,0.69505614
3773,0.009962234
3774,0.5976844
3775,0.0054506906
3776,0.8410979
3777,0.009011282
3778,0.879636
3779,0.26081282
3780,0.017765008
3781,0.013004984
3782,0.08188542
3783,0.25541344
3784,0.055594802
3785,0.08076424
3786,0.14502884
3787,0.11366803
3788,0.058574114
3789,0.009746045
3790,0.023454126
3791,0.017908258
3792,0.39356235
3793,0.058429588
3794,0.5824045
3795,0.15166633
3796,0.9139993
3797,0.26776877
3798,0.18490341
3799,0.012728651
3800,0.54313916
3801,0.33168066
3802,0.2672113
3803,0.07365512
3804,0.30447212
3805,0.16000105
3806,0.002918865
3807,0.091624476
3808,0.3570959
3809,0.48427948
3810,0.7528313
3811,0.15371746
3812,0.4787662
3813,0.077667184
3814,0.1480565
3815,0.17336106
3816,0.094439216
3817,0.0050481483
3818,0.043811325
3819,0.3699729
3820,0.89789015
3821,0.18639988
3822,0.04304836
3823,0.027528033
3824,0.7696379
3825,0.65772957
3826,0.7301745
3827,0.25459284
3828,0.4542266
3829,0.7545895
3830,0.22632247
3831,0.60905397
3832,0.5954029
3833,0.15773179
3834,0.2993331
3835,0.09048031
3836,0.088546425
3837,0.21134052
3838,0.037639722
3839,0.546049
3840,0.30938974
3841,0.11229702
3842,0.003677763
3843,0.40740243
3844,0.8724386
3845,0.0239712
3846,0.16003878
3847,0.2621724
3848,0.49891245
3849,0.17790984
3850,0.50421435
3851,0.10781377
3852,0.53220516
3853,0.0024475849
3854,0.8641778
3855,0.5799391
3856,0.77991486
3857,0.04453736
3858,0.110380664
3859,0.0023423766
3860,0.3231442
3861,0.2617011
3862,0.2904267
3863,0.00345484
3864,0.5094707
3865,0.12007924
3866,0.20815131
3867,0.1039539
3868,0.09897331
3869,0.14828748
3870,0.35781148
3871,0.040984493
3872,0.2825316
3873,0.64493734
3874,0.0020192435
3875,0.8041613
3876,0.103933215
3877,0.011559005
3878,0.17218043
3879,0.88755286
3880,0.594547
3881,0.21154898
3882,0.507622
3883,0.88611186
3884,0.59488094
3885,0.018995192
3886,0.285008
3887,0.8356674
3888,0.45155662
3889,0.26427442
3890,0.363713
3891,0.8055163
3892,0.24744178
3893,0.13036586
3894,0.06693791
3895,0.013274337
3896,0.026542407
3897,0.015396127
3898,0.20640755
3899,0.62320244
3900,0.7147996
3901,0.051328726
3902,0.4313271
3903,0.77114135
3904,0.01573031
3905,0.1864094
3906,0.40346783
3907,0.033803817
3908,0.07141767
3909,0.42991596
3910,0.6057893
3911,0.036302324
3912,0.007553566
3913,0.06591613
3914,0.29348186
3915,0.021845886
3916,0.33033058
3917,0.0019506235
3918,0.78440034
3919,0.72317773
3920,0.8052119
3921,0.05939482
3922,0.29848891
3923,0.16571045
3924,0.0028484124
3925,0.016922805
3926,0.7450915
3927,0.13621753
3928,0.20103048
3929,0.3951195
3930,0.4433775
3931,0.16622548
3932,0.002800326
3933,0.45520604
3934,0.014715396
3935,0.29568464
3936,0.0046690567
3937,0.0018077443
3938,0.029200433
3939,0.084858246
3940,0.058794312
3941,0.6032771
3942,0.15670146
3943,0.4066804
3944,0.007894423
3945,0.57795095
3946,0.021786075
3947,0.029183451
3948,0.68294436
3949,0.05611003
3950,0.65784013
3951,0.2332172
3952,0.017932126
3953,0.009444177
3954,0.9066197
3955,0.18796894
3956,0.22716935
3957,0.28644943
3958,0.10263094
3959,0.9309941
3960,0.060674556
3961,0.016311558
3962,0.0016957611
3963,0.004738217
3964,0.20601197
3965,0.13999979
3966,0.0023242072
3967,0.20572163
3968,0.045226123
3969,0.3217293
3970,0.37962547
3971,0.07700267
3972,0.28176242
3973,0.4673938
3974,0.0035853875
3975,0.220362
3976,0.0077375914
3977,0.1181701
3978,0.5272858
3979,0.004291815
3980,0.04750136
3981,0.75249815
3982,0.04276652
3983,0.016317043
3984,0.0023835362
3985,0.0025344975
3986,0.035113905
3987,0.0034226582
3988,0.277755
3989,0.4704432
3990,0.05993349
3991,0.4208607
3992,0.1333589
3993,0.099584684
3994,0.59259075
3995,0.31974193
3996,0.58023983
3997,0.59995353
3998,0.24398698
3999,0.076883204
4000,0.18683897
4001,0.01952949
4002,0.24399671
4003,0.15500456
4004,0.07242149
4005,0.08570362
4006,0.007324054
4007,0.53736335
4008,0.08381703
4009,0.38489375
4010,0.5916757
4011,0.045590833
4012,0.1713714
4013,0.17665564
4014,0.002536841
4015,0.0080458885
4016,0.25076142
4017,0.029087378
4018,0.07056178
4019,0.16282278
4020,0.1124506
4021,0.13527907
4022,0.009750017
4023,0.9018245
4024,0.43464714
4025,0.048968628
4026,0.0021398999
4027,0.8949215
4028,0.008832694
4029,0.008228059
4030,0.09660856
4031,0.51987803
4032,0.01108104
4033,0.028935265
4034,0.7199386
4035,0.13378614
4036,0.0023997622
4037,0.21378846
4038,0.0035434412
4039,0.19127257
4040,0.53772193
4041,0.09606637
4042,0.018890077
4043,0.1063798
4044,0.2150627
4045,0.040574335
4046,0.0023074895
4047,0.23427479
4048,0.0041645216
4049,0.78086233
4050,0.02154508
4051,0.69260424
4052,0.0885788
4053,0.28416252
4054,0.004506816
4055,0.24150248
4056,0.4279104
4057,0.33775836
4058,0.13698669
4059,0.30212203
4060,0.35628596
4061,0.07251675
4062,0.6570974
4063,0.9436411
4064,0.637919
4065,0.6771416
4066,0.15310669
4067,0.062249698
4068,0.117030464
4069,0.35810575
4070,0.21458398
4071,0.53587127
4072,0.10412426
4073,0.2774348
4074,0.09886038
4075,0.013035224
4076,0.6267064
4077,0.043036062
4078,0.0076954546
4079,0.6754406
4080,0.10009928
4081,0.16144127
4082,0.5428326
4083,0.13156101
4084,0.18610966
4085,0.54791003
4086,0.30360892
4087,0.8299181
4088,0.25673118
4089,0.95487225
4090,0.55074584
4091,0.57507193
4092,0.008356549
4093,0.34683785
4094,0.024421766
4095,0.26618028
4096,0.06754337
4097,0.012479089
4098,0.034850072
4099,0.48092973
4100,0.59199214
4101,0.023670428
4102,0.28565502
4103,0.10070659
4104,0.83499825
4105,0.32000244
4106,0.33102748
4107,0.002360596
4108,0.1720463
4109,0.0029192665
4110,0.021331077
4111,0.8913774
4112,0.20798679
4113,0.58965653
4114,0.13160017
4115,0.21706915
4116,0.20986024
4117,0.3268757
4118,0.045709815
4119,0.845017
4120,0.23763402
4121,0.5119031
4122,0.02030949
4123,0.08537702
4124,0.013042808
4125,0.4568957
4126,0.18135878
4127,0.31340104
4128,0.22964512
4129,0.0076784464
4130,0.0019853208
4131,0.08811032
4132,0.263185
4133,0.42056584
4134,0.15417278
4135,0.74054015
4136,0.5159574
4137,0.4864843
4138,0.012271402
4139,0.34981832
4140,0.6495566
4141,0.6677279
4142,0.028208489
4143,0.18884157
4144,0.776623
4145,0.49039346
4146,0.004268141
4147,0.004418823
4148,0.0056710537
4149,0.28166297
4150,0.1523751
4151,0.0031786407
4152,0.13811274
4153,0.4295713
4154,0.9405448
4155,0.581472
4156,0.19347887
4157,0.3116662
4158,0.13481085
4159,0.21755257
4160,0.33584657
4161,0.4201413
4162,0.6747594
4163,0.009588107
4164,0.003300701
4165,0.070712745
4166,0.12252707
4167,0.50235254
4168,0.07726698
4169,0.064615175
4170,0.49014798
4171,0.0056461287
4172,0.0042375913
4173,0.07240136
4174,0.25266713
4175,0.6133287
4176,0.340852
4177,0.28472087
4178,0.48367858
4179,0.019820599
4180,0.3068629
4181,0.06970744
4182,0.8955014
4183,0.18640706
4184,0.018574772
4185,0.34466073
4186,0.034007717
4187,0.0367332
4188,0.037964836
4189,0.014988642
4190,0.31374115
4191,0.029063867
4192,0.004899899
4193,0.017075438
4194,0.050454136
4195,0.32051215
4196,0.15756711
4197,0.031968065
4198,0.46669805
4199,0.13013133
4200,0.031382736
4201,0.10979651
4202,0.030795624
4203,0.11681593
4204,0.0028124028
4205,0.0068106432
4206,0.071392216
4207,0.039991934
4208,0.03389644
4209,0.63139325
4210,0.25646767
4211,0.85521466
4212,0.34475967
4213,0.27003154
4214,0.38518053
4215,0.022201974
4216,0.0024575163
4217,0.2207531
4218,0.09978029
4219,0.6658283
4220,0.25368184
4221,0.036066473
4222,0.18962865
4223,0.8697718
4224,0.10848337
4225,0.58781695
4226,0.7143577
4227,0.040701564
4228,0.35562676
4229,0.52541965
4230,0.059986252
4231,0.85432374
4232,0.018167885
4233,0.15489317
4234,0.09845692
4235,0.16621709
4236,0.6297009
4237,0.05199554
4238,0.41292205
4239,0.18593661
4240,0.385421
4241,0.054900315
4242,0.2364221
4243,0.7528628
4244,0.68377024
4245,0.2720802
4246,0.32060793
4247,0.14240944
4248,0.10117048
4249,0.3724308
4250,0.919948
4251,0.052836582
4252,0.0046894434
4253,0.19045238
4254,0.048968725
4255,0.0584941
4256,0.16170329
4257,0.020430649
4258,0.8391861
4259,0.8392296
4260,0.1257537
4261,0.74509233
4262,0.2911925
4263,0.12961471
4264,0.59773505
4265,0.17883311
4266,0.088993974
4267,0.33490613
4268,0.004950755
4269,0.0026345842
4270,0.004137295
4271,0.36361486
4272,0.22719184
4273,0.077065326
4274,0.8129813
4275,0.010650175
4276,0.19163384
4277,0.7404119
4278,0.78275555
4279,0.088279754
4280,0.020833181
4281,0.23476323
4282,0.65226036
4283,0.021451646
4284,0.0022443484
4285,0.03682612
4286,0.058493152
4287,0.6150407
4288,0.031688213
4289,0.5852447
4290,0.014602992
4291,0.004089534
4292,0.6329475
4293,0.006202127
4294,0.28898436
4295,0.6281189
4296,0.031210832
4297,0.23082449
4298,0.06240723
4299,0.047660228
4300,0.2977197
4301,0.0028415853
4302,0.25380102
4303,0.0333858
4304,0.10365356
4305,0.08027137
4306,0.90491724
4307,0.3251601
4308,0.005761844
4309,0.024954695
4310,0.012236992
4311,0.3615328
4312,0.0036487125
4313,0.0069324933
4314,0.40393233
4315,0.79354787
4316,0.0044048154
4317,0.43828845
4318,0.16070947
4319,0.5053678
4320,0.46119747
4321,0.048431344
4322,0.0016931187
4323,0.68679106
4324,0.7488612
4325,0.63162965
4326,0.25896692
4327,0.081759304
4328,0.723849
4329,0.43008304
4330,0.96936685
4331,0.2001618
4332,0.13990778
4333,0.035708595
4334,0.0061513186
4335,0.049511157
4336,0.17492013
4337,0.1531886
4338,0.0712134
4339,0.83672196
4340,0.03510011
4341,0.037589714
4342,0.8035747
4343,0.19453806
4344,0.017594883
4345,0.7529701
4346,0.44871467
4347,0.005777203
4348,0.010153744
4349,0.55466163
4350,0.07528241
4351,0.0015860308
4352,0.071249306
4353,0.12602188
4354,0.058829587
4355,0.7088482
4356,0.5697708
4357,0.56030196
4358,0.31143823
4359,0.067284375
4360,0.010763848
4361,0.36091807
4362,0.13527235
4363,0.14195019
4364,0.0125505505
4365,0.02594196
4366,0.032449167
4367,0.22639792
4368,0.40019614
4369,0.21928531
4370,0.033095933
4371,0.69279236
4372,0.33427408
4373,0.0041567846
4374,0.26692855
4375,0.19113694
4376,0.6300518
4377,0.02501933
4378,0.01122265
4379,0.031846225
4380,0.07615927
4381,0.027338779
4382,0.41810712
4383,0.47195172
4384,0.8842923
4385,0.023691975
4386,0.28888655
4387,0.015580677
4388,0.74585223
4389,0.10341816
4390,0.083539054
4391,0.0052356417
4392,0.09009864
4393,0.13264626
4394,0.22009814
4395,0.038906377
4396,0.21939936
4397,0.03846561
4398,0.45551437
4399,0.004916808
4400,0.0017143168
4401,0.05695635
4402,0.0029947418
4403,0.001505454
4404,0.00082610524
4405,0.1022982
4406,0.060795516
4407,0.5293607
4408,0.050919577
4409,0.62691003
4410,0.20178385
4411,0.7746892
4412,0.004173188
4413,0.38670725
4414,0.323937
4415,0.1702572
4416,0.16259384
4417,0.014568243
4418,0.0039450787
4419,0.18014723
4420,0.094397224
4421,0.34183714
4422,0.22235557
4423,0.0020563498
4424,0.12486594
4425,0.030366447
4426,0.47416797
4427,0.9152707
4428,0.21077763
4429,0.6276759
4430,0.11706602
4431,0.31475607
4432,0.5876663
4433,0.1247412
4434,0.0045752735
4435,0.33251044
4436,0.10097583
4437,0.006962381
4438,0.23406686
4439,0.5305849
4440,0.28162575
4441,0.8474203
4442,0.1955963
4443,0.77783036
4444,0.03638459
4445,0.24733713
4446,0.40435538
4447,0.028879913
4448,0.07276061
4449,0.32655048
4450,0.78512335
4451,0.025780266
4452,0.014265798
4453,0.0016739952
4454,0.05468291
4455,0.70040256
4456,0.67365205
4457,0.20016684
4458,0.06893801
4459,0.48078528
4460,0.027427519
4461,0.013971395
4462,0.27891943
4463,0.5316452
4464,0.39532566
4465,0.017558588
4466,0.053459737
4467,0.15985563
4468,0.0047412356
4469,0.016789267
4470,0.080055416
4471,0.108266756
4472,0.09157818
4473,0.12343446
4474,0.49202394
4475,0.44311386
4476,0.73259664
4477,0.1641238
4478,0.57034004
4479,0.012911458
4480,0.18750556
4481,0.80971074
4482,0.05541732
4483,0.035743304
4484,0.6127826
4485,0.42628306
4486,0.46649274
4487,0.117549725
4488,0.5149093
4489,0.06343071
4490,0.6410342
4491,0.12682769
4492,0.18355644
4493,0.011006198
4494,0.17339714
4495,0.014476119
4496,0.00441364
4497,0.12745176
4498,0.03397879
4499,0.7304891
4500,0.41307145
4501,0.01697198
4502,0.004303767
4503,0.16318601
4504,0.12973227
4505,0.55298245
4506,0.20260274
4507,0.786387
4508,0.20559765
4509,0.007980052
4510,0.020659646
4511,0.15268296
4512,0.040358696
4513,0.11823267
4514,0.5673418
4515,0.064408
4516,0.70589775
4517,0.017156918
4518,0.010307435
4519,0.029798593
4520,0.28913528
4521,0.015762553
4522,0.0021919457
4523,0.24009219
4524,0.10696989
4525,0.680339
4526,0.37548003
4527,0.13525788
4528,0.16444182
4529,0.008147562
4530,0.2689626
4531,0.27793762
4532,0.25586948
4533,0.0036538197
4534,0.0888725
4535,0.013948894
4536,0.72627246
4537,0.09039571
4538,0.02287735
4539,0.08265026
4540,0.62458557
4541,0.56399167
4542,0.45251992
4543,0.0053239316
4544,0.4527281
4545,0.38713902
4546,0.44642758
4547,0.6691924
4548,0.85313106
4549,0.29637867
4550,0.18823251
4551,0.5084157
4552,0.8414991
4553,0.8666656
4554,0.09851691
4555,0.07619646
4556,0.19549821
4557,0.14353363
4558,0.040118206
4559,0.05834572
4560,0.0014388853
4561,0.012702706
4562,0.48113224
4563,0.14965512
4564,0.020681923
4565,0.0030041588
4566,0.09020291
4567,0.9078912
4568,0.4922318
4569,0.05115211
4570,0.0022847513
4571,0.03292479
4572,0.014109672
4573,0.0016967059
4574,0.08175372
4575,0.16399954
4576,0.6175516
4577,0.23300152
4578,0.017293975
4579,0.05110432
4580,0.25716338
4581,0.19747157
4582,0.011498363
4583,0.20598416
4584,0.24096355
4585,0.05767092
4586,0.0035834052
4587,0.4008873
4588,0.003090462
4589,0.07681543
4590,0.2255482
4591,0.60637724
4592,0.14818148
4593,0.002638239
4594,0.17638445
4595,0.19287084
4596,0.17604741
4597,0.078702435
4598,0.17184155
4599,0.11374219
4600,0.65579426
4601,0.92186034
4602,0.13974383
4603,0.19968782
4604,0.13927759
4605,0.8687435
4606,0.021595461
4607,0.3432977
4608,0.014689714
4609,0.32719216
4610,0.010909982
4611,0.63070714
4612,0.7680887
4613,0.04907988
4614,0.0067562694
4615,0.18704763
4616,0.4486208
4617,0.010290569
4618,0.26566327
4619,0.004836338
4620,0.11051022
4621,0.19204174
4622,0.21283908
4623,0.45059717
4624,0.0153549425
4625,0.36142445
4626,0.7973765
4627,0.24116533
4628,0.6431704
4629,0.20549756
4630,0.018663226
4631,0.2737768
4632,0.003508258
4633,0.12854731
4634,0.14643896
4635,0.8429304
4636,0.0041303793
4637,0.033075996
4638,0.5877578
4639,0.6358445
4640,0.028209856
4641,0.10526336
4642,0.097679906
4643,0.2915921
4644,0.24129447
4645,0.22912797
4646,0.18122546
4647,0.016216574
4648,0.10887696
4649,0.23663549
4650,0.23180224
4651,0.10291738
4652,0.3694923
4653,0.0021678787
4654,0.3541702
4655,0.06733396
4656,0.23065007
4657,0.0077488134
4658,0.693671
4659,0.7443702
4660,0.019625308
4661,0.01870422
4662,0.70162237
4663,0.062052857
4664,0.25659758
4665,0.012244199
4666,0.009948599
4667,0.004222379
4668,0.6563834
4669,0.18722372
4670,0.0041224197
4671,0.04825525
4672,0.5789901
4673,0.12232403
4674,0.26852113
4675,0.04560083
4676,0.3313554
4677,0.36520374
4678,0.16054706
4679,0.107115924
4680,0.0028021403
4681,0.003745689
4682,0.6149148
4683,0.3306014
4684,0.0018942398
4685,0.066803336
4686,0.09156072
4687,0.168494
4688,0.23937626
4689,0.7570424
4690,0.07715804
4691,0.2680834
4692,0.15558842
4693,0.003376954
4694,0.2281092
4695,0.5641635
4696,0.42353386
4697,0.8380581
4698,0.06145826
4699,0.7934642
4700,0.03345127
4701,0.15813246
4702,0.19059493
4703,0.07078828
4704,0.48410153
4705,0.029435966
4706,0.001891871
4707,0.05353605
4708,0.08551704
4709,0.30954665
4710,0.031330604
4711,0.16120404
4712,0.1477104
4713,0.013958807
4714,0.00989314
4715,0.54285717
4716,0.17309295
4717,0.0038125848
4718,0.34717864
4719,0.023923093
4720,0.0028793598
4721,0.09558622
4722,0.010004508
4723,0.12827538
4724,0.0040773246
4725,0.0014843909
4726,0.03237816
4727,0.38218328
4728,0.010939129
4729,0.49507523
4730,0.021776874
4731,0.24866246
4732,0.14492683
4733,0.09228989
4734,0.0062810658
4735,0.39865994
4736,0.2054278
4737,0.5558795
4738,0.24369079
4739,0.45541686
4740,0.17291883
4741,0.07124498
4742,0.08628322
4743,0.19016361
4744,0.04060045
4745,0.20991437
4746,0.030158956
4747,0.008363
4748,0.013851652
4749,0.22824967
4750,0.6479029
4751,0.43771416
4752,0.10787839
4753,0.31161365
4754,0.67778414
4755,0.549403
4756,0.09743585
4757,0.50566494
4758,0.58842564
4759,0.7536588
4760,0.09663712
4761,0.3571081
4762,0.09168971
4763,0.2828735
4764,0.002679995
4765,0.14337067
4766,0.11033293
4767,0.50113106
4768,0.15407656
4769,0.27556613
4770,0.0796353
4771,0.117402606
4772,0.08089123
4773,0.096735306
4774,0.016805137
4775,0.31510046
4776,0.07317997
4777,0.01135122
4778,0.28286052
4779,0.17247097
4780,0.05563556
4781,0.7617241
4782,0.36337745
4783,0.9189392
4784,0.5705605
4785,0.0049077594
4786,0.2378082
4787,0.10306689
4788,0.0022205673
4789,0.3905293
4790,0.4931035
4791,0.35372934
4792,0.12624273
4793,0.008255658
4794,0.0061971205
4795,0.042171676
4796,0.008347173
4797,0.061410446
4798,0.101255044
4799,0.8659887
4800,0.62937737
4801,0.0045572817
4802,0.1641465
4803,0.50251424
4804,0.0043222066
4805,0.068961136
4806,0.30073398
4807,0.104845196
4808,0.1755447
4809,0.055548474
4810,0.09541202
4811,0.4384315
4812,0.16869195
4813,0.70069927
4814,0.61977625
4815,0.39293757
4816,0.0433784
4817,0.026768072
4818,0.12843007
4819,0.14448977
4820,0.026309976
4821,0.72594196
4822,0.070389606
4823,0.13050348
4824,0.69972837
4825,0.339602
4826,0.12879176
4827,0.2759692
4828,0.03576392
4829,0.7984569
4830,0.57057035
4831,0.0041854247
4832,0.2758836
4833,0.08528
4834,0.041302964
4835,0.02193507
4836,0.5865591
4837,0.70180845
4838,0.015566787
4839,0.23527849
4840,0.03988547
4841,0.15343094
4842,0.03756908
4843,0.49747545
4844,0.42170012
4845,0.8598159
4846,0.910979
4847,0.7796732
4848,0.0045830025
4849,0.0023466852
4850,0.6249519
4851,0.28248763
4852,0.041942045
4853,0.29919547
4854,0.3213129
4855,0.013131086
4856,0.6103467
4857,0.08035206
4858,0.2578742
4859,0.036599986
4860,0.8359571
4861,0.1614645
4862,0.060947873
4863,0.049784984
4864,0.013851561
4865,0.009817894
4866,0.16233914
4867,0.8598176
4868,0.39515054
4869,0.33762708
4870,0.28757977
4871,0.01734334
4872,0.26456267
4873,0.1904377
4874,0.9776528
4875,0.28999558
4876,0.5662987
4877,0.9227192
4878,0.25170806
4879,0.36772847
4880,0.021729436
4881,0.02470815
4882,0.03500922
4883,0.7581726
4884,0.60248536
4885,0.01642595
4886,0.6670855
4887,0.341582
4888,0.028264029
4889,0.038258277
4890,0.5227487
4891,0.076331146
4892,0.12625824
4893,0.004746657
4894,0.02297116
4895,0.010022584
4896,0.08529001
4897,0.5516144
4898,0.04100622
4899,0.0048210453
4900,0.046812285
4901,0.10646916
4902,0.39441466
4903,0.6157245
4904,0.68811524
4905,0.14863178
4906,0.18741067
4907,0.7382791
4908,0.011346529
4909,0.0017783747
4910,0.8790602
4911,0.19930771
4912,0.34151438
4913,0.2962897
4914,0.002162566
4915,0.017853279
4916,0.22286674
4917,0.68117136
4918,0.019566886
4919,0.18339679
4920,0.77974856
4921,0.70323604
4922,0.8471008
4923,0.08225835
4924,0.3273558
4925,0.14027002
4926,0.009235909
4927,0.17313956
4928,0.5098119
4929,0.2746535
4930,0.09731535
4931,0.0027077366
4932,0.0021010083
4933,0.0034180798
4934,0.060162883
4935,0.032872435
4936,0.58332545
4937,0.29794532
4938,0.01749456
4939,0.63306034
4940,0.22460821
4941,0.18485454
4942,0.3088625
4943,0.2437106
4944,0.26973575
4945,0.25486344
4946,0.89380133
4947,0.0218839
4948,0.019563237
4949,0.78720206
4950,0.7785409
4951,0.0028849093
4952,0.014266295
4953,0.04209838
4954,0.1322171
4955,0.010098429
4956,0.008858974
4957,0.12170281
4958,0.47298977
4959,0.0024525975
4960,0.023765378
4961,0.35123688
4962,0.17982714
4963,0.043811124
4964,0.03456099
4965,0.5910925
4966,0.08977202
4967,0.014317589
4968,0.05056419
4969,0.2433278
4970,0.5786972
4971,0.3667181
4972,0.300288
4973,0.06976532
4974,0.07690388
4975,0.8059401
4976,0.21498743
4977,0.0024516108
4978,0.7318744
4979,0.32564807
4980,0.096891664
4981,0.0032573864
4982,0.15927051
4983,0.60470223
4984,0.21734557
4985,0.022952879
4986,0.7069027
4987,0.4178881
4988,0.5175597
4989,0.33273923
4990,0.63366634
4991,0.28393883
4992,0.5260534
4993,0.123505555
4994,0.007953958
4995,0.1562172
4996,0.004799905
4997,0.47199687
4998,0.15458964
4999,0.0015248874
5000,0.2765816
5001,0.01339854
5002,0.2670166
5003,0.024538497
5004,0.016801795
5005,0.114520796
5006,0.0048701228
5007,0.0031743557
5008,0.015851371
5009,0.0024296863
5010,0.24183497
5011,0.14274396
5012,0.010462404
5013,0.9207406
5014,0.174039
5015,0.0131346695
5016,0.3536716
5017,0.3990469
5018,0.8673902
5019,0.20256405
5020,0.010265728
5021,0.54305124
5022,0.2219313
5023,0.08127309
5024,0.8123655
5025,0.11099472
5026,0.026348533
5027,0.13775398
5028,0.082093924
5029,0.05770266
5030,0.053964518
5031,0.14027324
5032,0.0030064576
5033,0.0021914751
5034,0.012329044
5035,0.38853246
5036,0.001874909
5037,0.071015656
5038,0.43032914
5039,0.015273682
5040,0.027456103
5041,0.28835875
5042,0.41880503
5043,0.7386343
5044,0.41288194
5045,0.45337307
5046,0.302781
5047,0.79677135
5048,0.05423058
5049,0.09079225
5050,0.03487734
5051,0.20748904
5052,0.041828938
5053,0.014188558
5054,0.26252344
5055,0.0521035
5056,0.010565338
5057,0.07472755
5058,0.6295886
5059,0.69056976
5060,0.18984678
5061,0.17822234
5062,0.21961668
5063,0.010868762
5064,0.0064268787
5065,0.24904019
5066,0.04856522
5067,0.09887279
5068,0.12130502
5069,0.13013475
5070,0.16450405
5071,0.7899904
5072,0.017802438
5073,0.608862
5074,0.05347232
5075,0.03802276
5076,0.08707237
5077,0.010899069
5078,0.0345892
5079,0.30043936
5080,0.27582213
5081,0.024007695
5082,0.12387867
5083,0.40281078
5084,0.27991122
5085,0.016628806
5086,0.85719454
5087,0.015544312
5088,0.011325852
5089,0.3196735
5090,0.18020885
5091,0.5648617
5092,0.30802783
5093,0.10071726
5094,0.43210927
5095,0.04038176
5096,0.34213778
5097,0.094824865
5098,0.19131564
5099,0.12994303
5100,0.60482365
5101,0.4974245
5102,0.78840715
5103,0.0048063984
5104,0.40881854
5105,0.116809785
5106,0.07456354
5107,0.01805566
5108,0.02550012
5109,0.09187505
5110,0.8799626
5111,0.25934926
5112,0.73857695
5113,0.05218568
5114,0.14198636
5115,0.53162503
5116,0.02412756
5117,0.00822243
5118,0.2103078
5119,0.80611455
5120,0.10866104
5121,0.11284932
5122,0.8149883
5123,0.37128764
5124,0.020473436
5125,0.17859422
5126,0.29609713
5127,0.8018537
5128,0.12836747
5129,0.0040966477
5130,0.3197659
5131,0.0033643476
5132,0.05822708
5133,0.4208987
5134,0.3307055
5135,0.0069535347
5136,0.045700997
5137,0.2369504
5138,0.078591235
5139,0.040350284
5140,0.20487607
5141,0.1321817
5142,0.38419613
5143,0.033468664
5144,0.024821745
5145,0.085903935
5146,0.031703368
5147,0.27106833
5148,0.16356565
5149,0.010412175
5150,0.25416973
5151,0.9406839
5152,0.3899142
5153,0.88423914
5154,0.20808041
5155,0.003009159
5156,0.10299172
5157,0.1209268
5158,0.43912232
5159,0.00696489
5160,0.23093611
5161,0.29278496
5162,0.14519508
5163,0.61448115
5164,0.0239591
5165,0.09941464
5166,0.019381244
5167,0.028591512
5168,0.21858184
5169,0.11971585
5170,0.009146992
5171,0.21502468
5172,0.17599212
5173,0.20256001
5174,0.12326759
5175,0.04222458
5176,0.28663233
5177,0.15256073
5178,0.10888898
5179,0.4698421
5180,0.89352316
5181,0.009899998
5182,0.0075335237
5183,0.0021059827
5184,0.2249941
5185,0.04785815
5186,0.021398675
5187,0.59174734
5188,0.46994054
5189,0.0052892454
5190,0.11906318
5191,0.18897393
5192,0.10064279
5193,0.38178378
5194,0.0118227
5195,0.21487543
5196,0.12052081
5197,0.23848766
5198,0.34359565
5199,0.0042063203
5200,0.0043096435
5201,0.33188355
5202,0.20844738
5203,0.66409194
5204,0.009384719
5205,0.07877426
5206,0.0023772381
5207,0.6934059
5208,0.011144822
5209,0.09220712
5210,0.5891925
5211,0.1084702
5212,0.53141433
5213,0.4753998
5214,0.0027479997
5215,0.20581391
5216,0.014427409
5217,0.19536388
5218,0.002753927
5219,0.2459182
5220,0.016393788
5221,0.90263116
5222,0.2278531
5223,0.0051534516
5224,0.74917775
5225,0.30797687
5226,0.7642776
5227,0.80805445
5228,0.70405495
5229,0.29937044
5230,0.0028929834
5231,0.5277114
5232,0.5400571
5233,0.12440206
5234,0.27310932
5235,0.47068468
5236,0.28488553
5237,0.13822898
5238,0.04298347
5239,0.17415808
5240,0.24827649
5241,0.008742185
5242,0.003442747
5243,0.18721631
5244,0.35616338
5245,0.807558
5246,0.5841314
5247,0.08276575
5248,0.30287838
5249,0.016118506
5250,0.21957417
5251,0.49288216
5252,0.04506255
5253,0.3804419
5254,0.90812856
5255,0.4193919
5256,0.039681036
5257,0.27714434
5258,0.60183704
5259,0.23133065
5260,0.3149987
5261,0.060512174
5262,0.4499307
5263,0.0044349483
5264,0.9028801
5265,0.026078917
5266,0.61207306
5267,0.0054646004
5268,0.0031578708
5269,0.0018520799
5270,0.5415221
5271,0.4764246
5272,0.3957107
5273,0.54558116
5274,0.51851505
5275,0.028499765
5276,0.0035323796
5277,0.09644858
5278,0.009438653
5279,0.057250295
5280,0.12057622
5281,0.40758643
5282,0.24846242
5283,0.043514077
5284,0.39659134
5285,0.3425358
5286,0.041906673
5287,0.11395413
5288,0.2545155
5289,0.041905846
5290,0.22796117
5291,0.48807845
5292,0.09770907
5293,0.23195864
5294,0.60561246
5295,0.0072052367
5296,0.06913102
5297,0.113158405
5298,0.0026807012
5299,0.018664693
5300,0.29821545
5301,0.045325905
5302,0.19542722
5303,0.2641537
5304,0.50843245
5305,0.25258338
5306,0.15244927
5307,0.2893281
5308,0.48986918
5309,0.26021996
5310,0.0036172094
5311,0.036996625
5312,0.24261318
5313,0.24702781
5314,0.05153164
5315,0.0038918806
5316,0.017622763
5317,0.19708622
5318,0.049149312
5319,0.17988156
5320,0.02246745
5321,0.14143573
5322,0.14475632
5323,0.026777614
5324,0.038916487
5325,0.018412873
5326,0.018546516
5327,0.01192803
5328,0.07859287
5329,0.25215083
5330,0.5769791
5331,0.09943739
5332,0.10632662
5333,0.15058099
5334,0.58847183
5335,0.30614406
5336,0.23027857
5337,0.020571208
5338,0.09064007
5339,0.023200005
5340,0.11326149
5341,0.07540501
5342,0.64152914
5343,0.029224008
5344,0.038018454
5345,0.57643163
5346,0.70837414
5347,0.03985484
5348,0.005647649
5349,0.08403593
5350,0.0398163
5351,0.0108442735
5352,0.33805805
5353,0.23115878
5354,0.04947542
5355,0.0021356277
5356,0.338152
5357,0.61318815
5358,0.40129796
5359,0.37415627
5360,0.6257894
5361,0.57689106
5362,0.021569954
5363,0.167214
5364,0.07600143
5365,0.12977758
5366,0.6117179
5367,0.8174969
5368,0.058621835
5369,0.033726893
5370,0.71413803
5371,0.037236717
5372,0.84857744
5373,0.5784373
5374,0.027039073
5375,0.525346
5376,0.015225805
5377,0.2148531
5378,0.8738126
5379,0.20508692
5380,0.15761238
5381,0.6393229
5382,0.030162055
5383,0.7949603
5384,0.027199673
5385,0.05974856
5386,0.009688403
5387,0.6211308
5388,0.0054809744
5389,0.0016979857
5390,0.03965382
5391,0.25145498
5392,0.006735269
5393,0.0061134393
5394,0.014103419
5395,0.0074669346
5396,0.06489577
5397,0.054336473
5398,0.55143046
5399,0.36342382
5400,0.0723677
5401,0.07507242
5402,0.5328558
5403,0.4920285
5404,0.27201393
5405,0.016436879
5406,0.016849915
5407,0.729364
5408,0.2580484
5409,0.8762023
5410,0.39981458
5411,0.5061706
5412,0.0034512547
5413,0.0017181131
5414,0.0012696286
5415,0.051130474
5416,0.074448444
5417,0.5857355
5418,0.8373345
5419,0.020499539
5420,0.50138825
5421,0.6331253
5422,0.026652982
5423,0.70568806
5424,0.80013305
5425,0.4133643
5426,0.8651973
5427,0.003080176
5428,0.18205878
5429,0.2121731
5430,0.008781869
5431,0.17459066
5432,0.0029696852
5433,0.5733818
5434,0.079269834
5435,0.7253873
5436,0.7124232
5437,0.070757784
5438,0.006648449
5439,0.026604934
5440,0.13139604
5441,0.8702287
5442,0.19141136
5443,0.07368206
5444,0.43941408
5445,0.48947957
5446,0.00277737
5447,0.0018548868
5448,0.037152074
5449,0.22000499
5450,0.026337242
5451,0.035976633
5452,0.2277965
5453,0.2267691
5454,0.36200052
5455,0.76775837
5456,0.44076577
5457,0.067719765
5458,0.0016324455
5459,0.0018974104
5460,0.01438337
5461,0.1722447
5462,0.97486305
5463,0.34802315
5464,0.04586658
5465,0.0045932555
5466,0.47669047
5467,0.70591533
5468,0.62778664
5469,0.0032747674
5470,0.0028587175
5471,0.6947122
5472,0.12103238
5473,0.50614
5474,0.62986004
5475,0.119318634
5476,0.5770813
5477,0.00525034
5478,0.21116515
5479,0.28615436
5480,0.44013155
5481,0.12849714
5482,0.006515415
5483,0.08415155
5484,0.050141945
5485,0.27071366
5486,0.0072686523
5487,0.0020683696
5488,0.15327483
5489,0.35577154
5490,0.7606826
5491,0.090804
5492,0.7339445
5493,0.006524959
5494,0.022448517
5495,0.3089343
5496,0.3328821
5497,0.005574105
5498,0.0032392272
5499,0.06915691
5500,0.049209733
5501,0.14349334
5502,0.42716482
5503,0.0130391205
5504,0.6488025
5505,0.2981348
5506,0.34032243
5507,0.30466577
5508,0.0057966122
5509,0.0083445925
5510,0.5585878
5511,0.045143567
5512,0.11855245
5513,0.51178265
5514,0.45681545
5515,0.0028598215
5516,0.2646261
5517,0.0070089903
5518,0.052827608
5519,0.048441913
5520,0.044154737
5521,0.26895267
5522,0.033419184
5523,0.49986485
5524,0.0054496625
5525,0.13873634
5526,0.11443671
5527,0.3242605
5528,0.6037786
5529,0.69184506
5530,0.2617267
5531,0.019561352
5532,0.13022593
5533,0.053396493
5534,0.10667811
5535,0.058250748
5536,0.1315811
5537,0.16054277
5538,0.122736014
5539,0.38709617
5540,0.15307905
5541,0.56402504
5542,0.62287784
5543,0.09973687
5544,0.0049802917
5545,0.06062438
5546,0.006417215
5547,0.09124181
5548,0.7955325
5549,0.20850217
5550,0.4526312
5551,0.47156715
5552,0.23195417
5553,0.52000827
5554,0.23051709
5555,0.18093896
5556,0.32994863
5557,0.43794262
5558,0.040341925
5559,0.56536573
5560,0.05507236
5561,0.0025561408
5562,0.32675257
5563,0.14249852
5564,0.37722653
5565,0.40866908
5566,0.13900027
5567,0.5103793
5568,0.5752337
5569,0.52691126
5570,0.021500532
5571,0.25024122
5572,0.056133017
5573,0.46442336
5574,0.2603229
5575,0.5452559
5576,0.25967038
5577,0.049001332
5578,0.7555601
5579,0.010348424
5580,0.08668857
5581,0.05326622
5582,0.7857777
5583,0.51727813
5584,0.084769085
5585,0.057454973
5586,0.01947755
5587,0.0020777707
5588,0.3534103
5589,0.30288342
5590,0.066917874
5591,0.017771922
5592,0.03885463
5593,0.18540695
5594,0.5993655
5595,0.0965307
5596,0.02696489
5597,0.078069225
5598,0.82310224
5599,0.12519193
5600,0.07167629
5601,0.17919423
5602,0.22951487
5603,0.055252314
5604,0.5205194
5605,0.67976487
5606,0.63959795
5607,0.07526842
5608,0.3638553
5609,0.39348328
5610,0.30886894
5611,0.6908006
5612,0.24387416
5613,0.0075878585
5614,0.53583395
5615,0.5620761
5616,0.0058081434
5617,0.69061977
5618,0.5416597
5619,0.012288812
5620,0.06244225
5621,0.2091243
5622,0.47490415
5623,0.35951653
5624,0.6497032
